canister_n2_pct,canister_nitrogen_pct,explosion_range,explosive_pressure_kpa,explosive_temp_k,final_pressure,final_temp,generation,hits_max_cap,initial_pressure,initial_temp,nitrogen_moles_in_o2_mix,o2_mix_n2_pct,o2_mix_nitrogen_pct,o2_moles_to_add,o2_pressure_equivalent_kpa,o2_temp,o2_temp_k,plasma_pct,plasma_percent,pressure,pressure_increase,target_total_pressure_kpa,temp,tritium_pct,tritium_percent
7.007908089375789,7.007908089375789,15.25279164771552,607.7622631887491,399.123169057537,52212.29689030292,27565.228250014847,3,False,1012.9943899765955,380.94278552350266,0.03507848049312686,5.132877253727214,5.132877253727214,0.648329260606756,342.49517801385366,301.3771952960845,301.3771952960845,30.0,30.0,607.7622631887491,51199.302500326325,1013.0,399.123169057537,70.0,70.0
15.690989940877628,15.690989940877628,15.151819445787257,605.8835238068125,400.99039586131914,51590.15722971938,27097.54181106203,3,False,1012.9963681382691,380.37913449383564,0.052772290686510376,7.616564887841631,7.616564887841631,0.6400897995551299,337.75429387482905,293.15,293.15,30.0,30.000000000000004,605.8835238068127,50577.160861581106,1013.0,400.99039586131914,70.0,70.0
20.558483948344143,20.558483948344143,15.04201883235112,612.4129123740953,391.3119559331286,50918.311286526085,26515.321073682448,3,False,1012.9993949077767,374.32914408917765,0.05576732858676386,8.126471142791598,8.126471142791598,0.6304755387890837,334.52757534523505,293.15,293.15,32.916267889227385,32.916267889227385,612.4129123740953,49905.31189161831,1013.0,391.3119559331286,67.08373211077262,67.08373211077262
18.505284048277368,18.505284048277368,14.889132721708199,593.6665576087886,398.11097100970244,49990.97326492066,25747.688490263972,3,False,1013.0031492577782,376.35720205147163,0.1270671947012597,17.602513908889623,17.602513908889623,0.5948023936936583,351.8947804071761,293.15,293.15,30.0,30.000000000000004,593.6665576087886,48977.97011566289,1013.0,398.11097100970244,70.0,70.0
16.884291036578674,16.884291036578674,14.881571053427885,602.0007090549575,408.9776282249459,49945.35346974284,26798.74067287713,3,False,1012.994417574366,389.1972893843368,0.04024132809764182,5.917596916969636,5.917596916969636,0.6397868769705931,345.37422351599156,305.42094375275707,305.42094375275707,30.0,30.0,602.0007090549574,48932.359052168475,1013.0,408.9776282249459,70.0,70.0
12.00204550005888,12.00204550005888,14.839220146642923,586.4931541108288,402.24565294101114,49690.27741669206,25725.577421345602,2,False,1012.9990440128562,380.1474140053941,0.04612527222393323,6.356259957567146,6.356259957567146,0.6795415905515728,353.7458641150713,293.15,293.15,30.123749546561314,30.123749546561314,586.4931541108288,48677.278372679204,1013.0,402.24565294101114,69.87625045343869,69.87625045343869
16.5167004999244,16.5167004999244,14.772614967772345,616.8221486787274,418.6668279153795,49290.590502623345,27921.87832206039,3,False,1012.9986454794156,404.5840257760913,0.025770839221701106,4.15856839979647,4.15856839979647,0.5939337500538387,348.3300268680007,338.0197063996168,338.0197063996168,30.261010006099514,30.261010006099514,616.8221486787276,48277.59185714393,1013.0,418.6668279153795,69.73898999390049,69.73898999390049
18.494100768043758,18.494100768043758,14.73994352033284,603.3018784699063,400.3932943192399,49095.191724224314,26087.008315441377,2,False,1012.9993415233488,383.8743678043039,0.049755078160861624,7.308247367165697,7.308247367165697,0.6310521750856547,348.3464717437062,307.696857872941,307.696857872941,32.54176903076285,32.54176903076284,603.3018784699065,48082.19238270097,1013.0,400.3932943192399,67.45823096923715,67.45823096923715
17.0889921842943,17.0889921842943,14.723569214234383,642.0886947100911,411.1804060651662,48997.42433084692,27388.15175255264,3,False,1012.9984101623746,393.84700662863196,0.011544761684169439,1.8998469440697647,1.8998469440697647,0.5961232254768795,296.22413291848466,293.15,293.15,34.68374652471751,34.68374652471752,642.088694710091,47984.425920684545,1013.0,411.1804060651662,65.31625347528248,65.31625347528248
20.88055381187678,20.88055381187678,14.713345913595129,604.7475307764363,412.6248163778816,48936.43834675003,26733.35403027186,2,False,1012.9941776858504,394.73520215415004,0.05872366105772544,8.872121928810962,8.872121928810962,0.6031660371330607,350.3623669647011,318.32272891652354,318.32272891652354,30.0,30.0,604.7475307764363,47923.44416906418,1013.0,412.6248163778816,70.0,70.0
15.903919831837822,15.903919831837822,14.696371998492548,564.9344489168409,393.95009306411106,48835.27586089807,24506.359887177805,3,False,1012.9980302975167,373.0808714795493,0.06521947357643558,8.464964057082707,8.464964057082707,0.7052442063238459,381.8061339533306,298.00705795187713,298.00705795187713,30.0,30.0,564.9344489168409,47822.27783060056,1013.0,393.95009306411106,70.0,70.0
13.797942067735544,13.797942067735544,14.689093128816651,576.7886732372165,392.63772007971914,48791.93045031939,24944.76028430647,3,False,1013.0015970882778,375.90612939804936,0.08311155915942871,11.274577602377278,11.274577602377278,0.6540474022716797,380.2735881773125,310.2207420953288,310.2207420953288,31.16404299307991,31.16404299307991,576.7886732372166,47778.92885323112,1013.0,392.63772007971914,68.8359570069201,68.8359570069201
22.159326756791977,22.159326756791977,14.613737433256784,587.6178498928211,401.25294094793577,48344.45185631976,25151.790080894294,3,False,1012.9944014874402,381.00398888028053,0.04632559357136365,6.450218079991677,6.450218079991677,0.671876380328772,354.44276036225335,296.7804814424393,296.7804814424393,31.59439860853756,31.59439860853756,587.6178498928211,47331.45745483232,1013.0,401.25294094793577,68.40560139146244,68.40560139146244
16.65623235607044,16.65623235607044,14.582896602720036,594.8009214052934,396.29140307156257,48161.975979437615,24937.623635923086,3,False,1012.9913013204293,377.1915752296578,0.06912466717170129,9.702642157872091,9.702642157872091,0.6433067102507675,347.2938701721689,293.15,293.15,33.06917672677085,33.06917672677085,594.8009214052934,47148.98467811719,1013.0,396.29140307156257,66.93082327322915,66.93082327322915
7.3648764255745265,7.3648764255745265,14.536503797735408,583.5884218576505,393.8333222290315,47888.20988036837,24699.850019240068,3,False,1012.9987785035624,377.4830433772278,0.046352014168312305,6.413873263438975,6.413873263438975,0.6763316477077783,369.205712533269,307.2246052107097,307.2246052107097,32.5965116379838,32.5965116379838,583.5884218576505,46875.21110186481,1013.0,393.8333222290315,67.40348836201619,67.40348836201619
13.528824638203938,13.528824638203938,14.51113283351957,589.1502286426827,404.2109353604609,47738.86360910687,24960.810120644135,3,False,1012.9905950954787,382.9919693056486,0.042547722253790846,5.95854976588477,5.95854976588477,0.6715139861403328,349.0483564413901,293.95826271222916,293.95826271222916,31.791123349452338,31.791123349452338,589.1502286426827,46725.87301401139,1013.0,404.2109353604609,68.20887665054767,68.20887665054767
14.615869158945298,14.615869158945298,14.489244698426663,589.8697745889959,404.3971932021009,47610.22864779388,24845.88445678945,3,False,1012.9987417787825,382.31514166962603,0.09311375454352673,13.00064600524361,13.00064600524361,0.6231103046760745,349.1427151015194,293.15,293.15,31.698213815127026,31.698213815127023,589.8697745889959,46597.2299060151,1013.0,404.3971932021009,68.30178618487298,68.30178618487298
17.213378742154816,17.213378742154816,14.477904593009427,582.0542112397212,409.9415046519384,47543.66004257805,24984.415376344412,3,False,1012.9994864971177,387.0977702297079,0.07959387288794054,11.056745472376512,11.056745472376512,0.6402732262217652,360.4161655909263,301.08405485887215,301.08405485887215,30.0,30.0,582.0542112397212,46530.66055608093,1013.0,409.9415046519384,70.0,70.0
20.37148605370016,20.37148605370016,14.374340867016395,560.34245480757,400.24881055714354,46938.132511942655,23646.345101468818,3,False,1012.9988824922408,376.5308824368311,0.05304693738994924,6.836170704991157,6.836170704991157,0.7229275032602694,378.26964840192784,293.15,293.15,30.010520030536906,30.010520030536913,560.34245480757,45925.133629450414,1013.0,400.24881055714354,69.98947996946309,69.98947996946309
19.92574724711765,19.92574724711765,14.330122879418314,589.7806451940903,418.7281500917662,46680.9182654546,25549.97955410212,3,False,1012.9970507155176,399.7230646959972,0.04174341890570427,6.166137611703393,6.166137611703393,0.635234967474691,361.969609529971,321.53860646597957,321.53860646597957,30.414387376223328,30.414387376223324,589.7806451940901,45667.921214739086,1013.0,418.7281500917662,69.58561262377667,69.58561262377667
30.0,30.0,14.299074565548128,585.1284852651308,380.59934598516355,46500.785049813516,27152.5328905778,3,False,1013.0033679989594,408.160796068559,0.0,0.0,0.0,0.5679779399159949,551.1098665021685,583.5022531202817,583.5022531202817,35.87751475890046,35.87751475890046,585.1284852651308,45487.78168181456,1013.0,380.59934598516355,64.12248524109954,64.12248524109954
23.215523049230523,23.215523049230523,14.29247190073117,574.5704461728108,407.7042409521287,46462.52870217597,24611.778777613745,3,False,1012.9990570955063,390.20037358319775,0.08413152928204695,11.787973254516478,11.787973254516478,0.6295749532959701,385.0586041084675,324.4464375548191,324.4464375548191,30.0,30.0,574.5704461728108,45449.52964508047,1013.0,407.7042409521287,70.0,70.0
19.12116963688162,19.12116963688162,14.266727122188412,584.7334495935444,406.01889244413263,46313.5302381616,24710.82398737775,3,False,1012.9991403511837,390.0602899690889,0.04338224999546445,6.235798112192814,6.235798112192814,0.6523145832717869,372.39178104836043,321.8962223510764,321.8962223510764,31.979751781175437,31.979751781175437,584.7334495935444,45300.53109781042,1013.0,406.01889244413263,68.02024821882456,68.02024821882456
27.54368613186465,27.54368613186465,14.255403518909525,555.1215673444702,380.35170982316777,46248.079700528,26979.64534946662,2,False,1013.0033002018081,414.3246024492293,0.01751206130563598,2.955047307364505,2.955047307364505,0.5751031994380009,584.5229217948514,593.15,593.15,32.70130080298055,32.70130080298054,555.1215673444702,45235.07640032619,1013.0,380.35170982316777,67.29869919701946,67.29869919701945
21.845564377531353,21.845564377531353,14.247861479563896,636.4083946118747,409.9081816943361,46204.51547353138,25663.964488713646,2,False,1012.9984153260696,392.912388957468,0.03992653328680957,6.473530190372496,6.473530190372496,0.5768394678386467,300.6592049558941,293.15,293.15,36.874606433185136,36.87460643318513,636.4083946118748,45191.51705820531,1013.0,409.9081816943361,63.125393566814864,63.12539356681487
13.598523475532977,13.598523475532977,14.237653609734641,614.5706801265954,404.0985544277606,46145.58962998157,24720.258057117495,2,False,1012.9970903587721,385.08869121757107,0.09509360471929368,14.249686646127365,14.249686646127365,0.5722446117679948,327.6977000550779,295.2998431282424,295.2998431282424,33.59978096880758,33.59978096880757,614.5706801265954,45132.5925396228,1013.0,404.0985544277606,66.40021903119242,66.40021903119242
16.316026504403293,16.316026504403293,14.21337517933282,555.4846076912555,400.8490195066854,46005.60988776431,23046.344900742748,2,False,1012.9957715243636,375.97547309344003,0.10296233796459527,13.084420169547869,13.084420169547869,0.6839455771773038,383.59946512670797,293.15,293.15,30.0,30.0,555.4846076912555,44992.61411623994,1013.0,400.8490195066854,70.0,70.0
28.477499882033303,28.477499882033303,14.198129552981213,545.3603845762477,376.32850211738486,45917.83180007628,26038.195501456496,2,False,1012.9953820226352,406.8951614390998,0.016644543973858728,2.6602982209263093,2.6602982209263093,0.6090200466697849,581.1506626095772,558.5769106421534,558.5769106421534,32.737377053791285,32.73737705379128,545.3603845762477,44904.836418053645,1013.0,376.32850211738486,67.26262294620872,67.26262294620872
23.03626232412365,23.03626232412365,14.181141742758461,627.0330958736077,405.95759924975056,45820.13389563105,25099.207090456384,3,False,1012.9989001838874,389.6126948861805,0.014585903944762984,2.2980796707913322,2.2980796707913322,0.6201137598723927,309.4014520268976,293.15,293.15,37.674448092193366,37.674448092193366,627.0330958736076,44807.134995447166,1013.0,405.95759924975056,62.325551907806634,62.32555190780664
16.3321178611797,16.3321178611797,14.17908238061715,587.8759662399247,420.3775018821107,45808.29833072981,25083.96702823341,3,False,1013.0015522947912,400.5911872412219,0.08656682736073891,12.735463817185869,12.735463817185869,0.593163637138884,365.64999354114514,323.49282651127976,323.49282651127976,30.0,30.0,587.8759662399247,44795.29677843502,1013.0,420.3775018821107,70.0,70.0
23.59950470022294,23.59950470022294,14.169181492989683,580.8533595273674,419.8411721791282,45751.41995233666,25174.341475799825,2,False,1012.9990182017882,403.1453589351323,0.04137126637836038,6.092282174754645,6.092282174754645,0.6377053947420928,380.15097658906495,336.64574152469453,336.64574152469453,30.0,30.0,580.8533595273674,44738.420934134876,1013.0,419.8411721791282,70.0,70.0
25.602942396196084,25.602942396196084,14.16295880229187,601.2223352920407,400.872498819718,45715.6923224772,24195.918485876657,3,False,1012.995645486878,383.4068315802151,0.03601202288578525,5.242387498654166,5.242387498654166,0.650927332418078,338.0996150641292,295.9798170652483,295.9798170652483,35.920760017061596,35.920760017061596,601.2223352920406,44702.69667699032,1013.0,400.872498819718,64.0792399829384,64.07923998293839
30.0,30.0,14.148932848392388,513.9454657561107,373.15,45635.219746646464,25662.354307811835,3,False,1012.9904900400363,410.2740355547521,0.005391522651181963,0.8212124024226197,0.8212124024226197,0.651140531087496,618.5036617306274,566.5290184740353,566.5290184740353,30.0,30.0,513.9454657561107,44622.22925660643,1013.0,373.15,70.0,70.0
23.03569964759044,23.03569964759044,14.101249739871408,587.1127900075187,422.44571670618006,45362.23874244418,24488.97671072169,3,False,1012.9968584007711,397.10171761104357,0.09472388110322984,13.565121687913411,13.565121687913411,0.6035660663259131,350.6049939587574,301.9382454894681,301.9382454894681,30.0,30.0,587.1127900075187,44349.241884043404,1013.0,422.44571670618006,70.0,70.0
22.852469457844972,22.852469457844972,14.096215376394307,630.9294690132191,394.91087944924215,45333.471300573954,24564.393829416866,3,False,1013.0002279909635,382.85147667785157,0.06965397323901584,11.049196487616035,11.049196487616035,0.560744565850086,323.49328406496227,308.5928718357675,308.5928718357675,39.616418769807176,39.61641876980717,630.9294690132191,44320.471072582994,1013.0,394.91087944924215,60.383581230192824,60.38358123019282
24.112085424019345,24.112085424019345,14.07704209695907,628.7483244106085,402.3081699138921,45224.0050925404,24796.47729163682,2,False,1012.999415078013,388.5587086559688,0.05473647539625794,8.716665866659431,8.716665866659431,0.5732154988284361,320.91654587605365,307.32755313856563,307.32755313856563,38.09922094902805,38.09922094902806,628.7483244106083,44211.00567746239,1013.0,402.3081699138921,61.90077905097195,61.90077905097194
18.329642061186057,18.329642061186057,14.069619919899738,541.917872947342,395.07162618781626,45181.66958051757,22096.705433883948,3,False,1013.0030913113926,370.16956473884625,0.1453157143170489,17.704225936842292,17.704225936842292,0.675481053841273,400.11949960687105,293.15,293.15,30.0,30.000000000000004,541.9178729473418,44168.666489206174,1013.0,395.07162618781626,70.0,70.0
17.28284004176492,17.28284004176492,14.011824152173922,627.9989583624521,415.03103634344757,44852.770936878216,24982.039116955875,3,False,1012.9965531555465,396.6776700470574,0.037382233008182664,5.973933106675677,5.973933106675677,0.5883735687501134,305.0415254892074,293.15,293.15,36.78917423374453,36.78917423374454,627.9989583624521,43839.774383722666,1013.0,415.03103634344757,63.21082576625547,63.21082576625546
19.04467355123239,19.04467355123239,13.99848381200963,614.4100529212894,417.2230293815714,44777.04731196214,24817.053431447293,2,False,1012.9934336170927,398.378761454062,0.06116606004505533,9.504321417761417,9.504321417761417,0.5823944568662295,325.8287637253575,304.4639293808096,304.4639293808096,34.672223105704795,34.6722231057048,614.4100529212894,43764.05387834505,1013.0,417.2230293815714,65.3277768942952,65.3277768942952
24.46235947243947,24.46235947243947,13.99675505231478,530.8749266873272,386.67919794790436,44767.2396516853,26312.69813939123,3,False,1012.9936389883107,424.03769504441425,0.0,0.0,0.0,0.6109929778440888,602.6496856618426,593.15,593.15,30.0,30.000000000000004,530.8749266873272,43754.24601269699,1013.0,386.67919794790436,70.0,70.0
9.231430433786146,9.231430433786146,13.992724371794313,569.285030722008,406.40284301641793,44744.37735766558,23002.70428681919,2,False,1012.9998254541724,382.1932068221964,0.10923271849080277,14.534853000415795,14.534853000415795,0.6422899731227827,366.349984523374,293.15,293.15,31.786997810999626,31.786997810999623,569.285030722008,43731.37753221141,1013.0,406.40284301641793,68.21300218900038,68.21300218900038
21.298190288194895,21.298190288194895,13.991613634232161,574.3274339686561,419.0318993115496,44738.078335963786,23742.782386571387,3,False,1012.9971216802678,393.63104271118993,0.09758134534871185,13.490088317915335,13.490088317915335,0.6257745219299347,364.2250649563224,302.7984447924536,302.7984447924536,30.0,30.000000000000004,574.327433968656,43725.08121428352,1013.0,419.0318993115496,70.0,70.0
22.611976646993128,22.611976646993128,13.979364214437762,541.379033843965,388.063421834811,44668.644721156365,26302.599513692665,2,False,1012.9952585689028,422.5891118221953,0.043798247803100966,7.268368046670436,7.268368046670436,0.558788846326846,583.1077113537051,581.922002417239,581.922002417239,30.896788529191483,30.896788529191483,541.379033843965,43655.64946258746,1013.0,388.063421834811,69.10321147080852,69.10321147080852
24.9435467814513,24.9435467814513,13.969553039602342,572.9829840971404,405.5153627416566,44613.07571738721,23415.228092697653,3,False,1012.9957381281414,387.261018148872,0.03896752231511814,5.3872356611864625,5.3872356611864625,0.684363045825205,373.9103970871815,310.86121625611156,310.86121625611156,33.25029202827287,33.25029202827286,572.9829840971404,43600.07997925907,1013.0,405.5153627416566,66.74970797172713,66.74970797172713
29.051383024914415,29.051383024914415,13.969061627836975,524.0959900708905,384.7466968629956,44610.29346178159,25482.798396001912,3,False,1012.9974618550002,416.221995066945,0.008708194573387762,1.3513158036335362,1.3513158036335362,0.635715155614067,588.8044384933806,549.4594233582183,549.4594233582183,30.027257579968836,30.027257579968836,524.0959900708905,43597.295999926595,1013.0,384.7466968629956,69.97274242003117,69.97274242003117
21.345477644106403,21.345477644106403,13.968504738620505,577.438086011821,414.01890745503897,44607.14060684979,23907.184630477037,1,False,1012.9988284705985,394.73047708729985,0.07543776552753477,10.707227920536235,10.707227920536235,0.6291121524101112,373.18269802826023,318.5264862798326,318.5264862798326,31.541040247443405,31.54104024744341,577.438086011821,43594.14177837919,1013.0,414.01890745503897,68.4589597525566,68.45895975255661
22.85753325993377,22.85753325993377,13.9613607830038,572.1981402774421,374.5658303797201,44566.70590915926,25636.936962286203,3,False,1012.9935140540049,404.69642800644954,0.021423567393578875,3.6521158653833092,3.6521158653833092,0.5651834347731051,578.5967077890011,593.15,593.15,37.544857232030225,37.544857232030225,572.1981402774421,43553.712395105256,1013.0,374.5658303797201,62.455142767969775,62.455142767969775
8.943977521981907,8.943977521981907,13.954104858842546,639.7577505758974,417.9257809892533,44525.6586447053,25290.26660670646,2,False,1012.9993373521629,400.7917796496254,0.045624761934056506,7.612007712682747,7.612007712682747,0.5537540571131024,296.4501668567596,297.43092839024223,297.43092839024223,37.65542041442447,37.65542041442447,639.7577505758974,43512.65930735313,1013.0,417.9257809892533,62.34457958557553,62.34457958557553
12.417309991480655,12.417309991480655,13.949684449199296,540.2650477983968,393.46389269184397,44500.66254146195,21798.058271623122,3,False,1012.9967046898394,370.54642682105396,0.07124586778266936,8.706908493764463,8.706908493764463,0.7470223824658866,399.7858680289156,293.81066567668165,293.81066567668165,31.184726887129244,31.184726887129244,540.2650477983968,43487.66583677211,1013.0,393.46389269184397,68.81527311287076,68.81527311287076
13.75115747122025,13.75115747122025,13.946055078599771,590.4145861874866,409.23616935679433,44480.14544954434,23560.917726066382,1,False,1012.9992263265449,387.65895145688336,0.07157187869500652,10.168892663796605,10.168892663796605,0.6322597090826622,343.101671003156,293.15,293.15,34.04133522370327,34.04133522370327,590.4145861874866,43467.146223217795,1013.0,409.23616935679433,65.95866477629673,65.95866477629673
21.587929677540455,21.587929677540455,13.94141733926768,558.4058084776642,413.6889925590623,44453.93574670993,23570.120982098917,3,False,1012.997209230441,394.9660051265018,0.04291422996827061,5.873635463939273,5.873635463939273,0.6877104441664995,397.61610175509355,327.26943569560757,327.26943569560757,30.0,30.000000000000004,558.4058084776642,43440.938537479495,1013.0,413.6889925590623,70.0,70.0
19.480252087587797,19.480252087587797,13.936401079902245,560.6934439364951,412.2747845800182,44425.59669088883,23174.729096596526,3,False,1012.9994290361467,389.49006189181944,0.0954598148071212,12.79294316204874,12.79294316204874,0.6507313751163215,385.7268490473835,310.86052184396374,310.86052184396374,30.0,30.0,560.693443936495,43412.59726185268,1013.0,412.2747845800182,70.0,70.0
14.233085177789786,14.233085177789786,13.928354805898136,564.2184780910668,401.19911670253447,44380.16104893446,22788.266934080817,2,False,1012.9946592397191,381.5583927579861,0.09053124720508934,12.057414666192301,12.057414666192301,0.6603034027711553,382.877151003155,306.65564412553783,306.65564412553783,32.52548322332433,32.52548322332433,564.2184780910668,43367.16638969474,1013.0,401.19911670253447,67.47451677667567,67.47451677667567
27.798723501498095,27.798723501498095,13.914585448361601,531.9092385086195,373.46765108976444,44302.46921368063,24704.541767178718,3,False,1012.9901145867294,403.97271334124935,0.03145021501108039,4.8275698647053344,4.8275698647053344,0.6200207298428694,593.0804576631916,547.4625072517695,547.4625072517695,33.30763763963161,33.30763763963161,531.9092385086195,43289.47909909391,1013.0,373.46765108976444,66.69236236036839,66.69236236036838
23.935705152832234,23.935705152832234,13.881494916238555,562.6902856261553,416.8303102618798,44116.0743598517,24120.318472615232,3,False,1012.9998474949529,404.05991089312937,0.05001640573352802,7.1877937180226175,7.1877937180226175,0.6458355857908987,411.8011823050659,355.882419030078,355.882419030078,30.0,30.0,562.6902856261553,43103.07451235675,1013.0,416.8303102618798,70.0,70.0
23.433609878588776,23.433609878588776,13.87470046825522,607.0364910536578,416.9805083756112,44077.856996432405,24789.941537376904,3,False,1012.9973415968525,404.0340199982132,0.015349440091439622,2.4276257143492765,2.4276257143492765,0.6169325464072093,353.6128894128597,336.3203119184735,336.3203119184735,34.98228739525988,34.98228739525988,607.0364910536578,43064.859654835556,1013.0,416.9805083756112,65.01771260474013,65.01771260474013
13.658198056829798,13.658198056829798,13.87462136048028,590.9601564444844,408.5353144209996,44077.41214176537,23488.734245909032,3,False,1012.9995033479433,389.1104927494205,0.06451242437175088,9.273310473921251,9.273310473921251,0.6311660450720915,348.4274553033928,301.1893601160125,301.1893601160125,34.60632685141873,34.60632685141873,590.9601564444843,43064.41263841743,1013.0,408.5353144209996,65.39367314858127,65.39367314858127
26.651701023234907,26.651701023234907,13.85993351563094,640.6887004115305,408.0709622636266,43994.860467744904,24487.02123342729,3,False,1012.998748582226,392.278327020246,0.058767974829898456,9.653697715599804,9.653697715599804,0.5499933160372569,296.7570932672287,293.15,293.15,39.39408793626161,39.39408793626161,640.6887004115305,42981.861719162676,1013.0,408.0709622636266,60.60591206373839,60.6059120637384
26.998453376572108,26.998453376572108,13.8557122074411,509.95822021976903,373.15,43971.151171141355,25086.664237195295,2,False,1012.9772038544455,415.45187183588024,0.04110505759239764,6.378480778632345,6.378480778632345,0.6033282960377949,635.633423096959,593.15,593.15,30.515588348653797,30.515588348653793,509.95822021976915,42958.17396728691,1013.0,373.15,69.4844116513462,69.4844116513462
22.695657289247436,22.695657289247436,13.849496724167924,608.1988346665667,412.0141989224807,43936.25458525636,23815.11126164705,1,False,1013.0007763265236,391.715767649954,0.09540431517906528,14.293810065462939,14.293810065462939,0.572047642991161,325.36744036397613,293.15,293.15,35.9153352430643,35.9153352430643,608.1988346665667,42923.25380892984,1013.0,412.0141989224807,64.0846647569357,64.08466475693571
17.854008254009994,17.854008254009994,13.83595311268255,556.063572224368,411.82427105291634,43860.26874339131,22562.234692551534,2,False,1012.9904612620601,385.9974935426622,0.09568510276746459,12.488349178625157,12.488349178625157,0.6705098634274074,380.5114742908497,298.6512125096886,298.6512125096886,30.426853540031743,30.426853540031747,556.063572224368,42847.27828212925,1013.0,411.82427105291634,69.57314645996826,69.57314645996826
23.52715015693753,23.52715015693753,13.81932151352784,576.7673834338777,405.0025038066285,43767.05958365044,22760.75508117082,2,False,1012.9944022194744,383.94467326959574,0.05009212907632137,6.859863477200368,6.859863477200368,0.6801283664599085,357.6149466910175,294.50824854084317,294.50824854084317,34.164288556455034,34.164288556455034,576.7673834338777,42754.06518143097,1013.0,405.0025038066285,65.83571144354497,65.83571144354497
20.441823175397886,20.441823175397886,13.817937430719569,595.3853902685375,413.99819628965406,43759.30776418028,24371.693653123573,3,False,1012.9983817611244,402.50166295346764,0.037407559552239254,5.767065320371664,5.767065320371664,0.6112336032259983,372.828995645043,345.6535285488859,345.6535285488859,34.90117318064873,34.90117318064873,595.3853902685377,42746.30938241916,1013.0,413.99819628965406,65.09882681935127,65.09882681935127
30.0,30.0,13.808008825639828,519.7637248800038,379.99961222740404,43703.72348127118,25203.320470622497,1,False,1012.9964230018517,418.55493015574854,0.023982400440657206,3.789366621560073,3.789366621560073,0.608904380801526,619.2569022164246,588.410820188268,588.410820188268,31.094142975322853,31.094142975322853,519.7637248800038,42690.72705826933,1013.0,379.99961222740404,68.90585702467715,68.90585702467715
20.39700638860763,20.39700638860763,13.803939629951547,556.5468383407755,393.43264919229966,43680.95404713384,21760.950321033408,3,False,1012.9990474136326,372.4709555943195,0.10277734946873822,13.095569810802074,13.095569810802074,0.6820479842403823,382.5842546956975,293.15,293.15,33.8919351625197,33.8919351625197,556.5468383407755,42667.954999720205,1013.0,393.43264919229966,66.1080648374803,66.1080648374803
11.469913408804338,11.469913408804338,13.797085416175603,598.3464048421067,400.1393009100724,43642.61604609941,23178.16988113957,3,False,1012.9932860339126,384.6711508467813,0.07039594665696726,10.286044647519427,10.286044647519427,0.613987108922554,349.42743678362706,307.039021470933,307.039021470933,37.011677524190546,37.011677524190546,598.3464048421068,42629.6227600655,1013.0,400.1393009100724,62.988322475809454,62.988322475809454
23.53555210801273,23.53555210801273,13.791334754583897,605.7388312283628,402.06276847461777,43610.46528552817,23191.71708116827,2,False,1013.000162035177,384.134235670134,0.08924333600352627,13.126867553467092,13.126867553467092,0.5906091546232658,331.4124140211126,293.15,293.15,37.453111716251854,37.453111716251854,605.7388312283628,42597.46512349299,1013.0,402.06276847461777,62.546888283748146,62.546888283748146
24.988427133568266,24.988427133568266,13.78348868013891,550.7810062466389,385.76874006476703,43566.621123621626,25315.82863475823,1,False,1013.0053061957126,415.8210492267257,0.043718345691953146,7.209277713719611,7.209277713719611,0.5626994873838206,572.9390312411392,568.1621056148053,568.1621056148053,33.7830563744523,33.7830563744523,550.7810062466388,42553.61581742591,1013.0,385.76874006476703,66.2169436255477,66.2169436255477
13.473322340274981,13.473322340274981,13.767322951086237,604.1368748949213,406.1284167213584,43476.36507818587,23241.969445698054,2,False,1012.9997194247532,387.15091608471977,0.08279074231936101,12.194178415726281,12.194178415726281,0.5961458739645991,330.96594639602813,293.15,293.15,36.72186369528159,36.721863695281584,604.1368748949213,42463.36535876111,1013.0,406.1284167213584,63.27813630471841,63.2781363047184
29.86180321250889,29.86180321250889,13.76640769236188,548.0988813285184,384.7522562841931,43471.25819945772,25373.393431674267,0,False,1013.0037780656073,417.47181125056477,0.02673091967648786,4.43632488231314,4.43632488231314,0.5758155661108677,587.5950435912575,586.4397301488615,586.4397301488615,33.81898150833377,33.81898150833377,548.0988813285184,42458.254421392114,1013.0,384.7522562841931,66.18101849166624,66.18101849166624
24.728787331646707,24.728787331646707,13.76028264005055,525.068597542767,385.99477665247014,43437.09091940061,25371.838116163643,3,False,1012.9937823324505,423.17221518619374,0.00018525831612758295,0.029807613173819192,0.029807613173819192,0.6213281619207541,613.0264682615568,593.15,593.15,31.307594114579423,31.307594114579423,525.068597542767,42424.09713706816,1013.0,385.99477665247014,68.69240588542058,68.69240588542058
15.670104044656213,15.670104044656213,13.751659039272013,573.1744349709469,400.9733970623986,43389.01180125917,22526.026643872145,3,False,1012.9924530777167,383.00097507570734,0.06386949592878899,8.73835379051525,8.73835379051525,0.6670404381381284,371.4803760855473,305.6383392970774,305.6383392970774,34.946474029994974,34.946474029994974,573.1744349709469,42376.01934818146,1013.0,400.9733970623986,65.05352597000503,65.05352597000503
15.379753045011476,15.379753045011476,13.738496575541095,592.7220882400948,403.09539965051886,43315.68529484468,22843.51369431323,3,False,1012.9928277957226,384.54978577156584,0.03449545190484416,4.92885518033983,4.92885518033983,0.6653719745604187,341.16923376386274,293.15,293.15,36.808552544517575,36.80855254451757,592.7220882400948,42302.69246704896,1013.0,403.09539965051886,63.191447455482425,63.19144745548243
17.30729923211073,17.30729923211073,13.717917543622608,624.2113200522474,408.7705042515757,43201.1826903199,23908.477490234593,3,False,1012.9975691092304,393.8734175722785,0.06626000402791445,10.545465643294975,10.545465643294975,0.5620669591351009,321.42465864465413,307.630445063995,307.630445063995,38.63157917071552,38.63157917071552,624.2113200522476,42188.18512121067,1013.0,408.7705042515757,61.36842082928448,61.36842082928449
28.54407411377621,28.54407411377621,13.699999761778976,590.2945598638881,392.57814303790286,43101.627177251576,22413.539871399225,3,False,1012.997161455485,378.27222918122817,0.028008798885120673,3.966170547870589,3.966170547870589,0.6781836995730814,355.5325846773347,302.755561321567,302.755561321567,38.99327133009293,38.99327133009293,590.2945598638881,42088.630015796094,1013.0,392.57814303790286,61.00672866990707,61.006728669907076
25.249912990339013,25.249912990339013,13.691690852501633,579.9263776531427,404.9551881230651,43055.505035856644,22910.873515406365,3,False,1012.9972308777027,389.8851535089883,0.028654451718156074,4.0861434458140105,4.0861434458140105,0.6726046229604558,372.66109388107526,319.5739564243277,319.5739564243277,35.54499520224499,35.54499520224499,579.9263776531427,42042.507804978944,1013.0,404.9551881230651,64.45500479775501,64.45500479775501
16.476532150875293,16.476532150875293,13.690533506504794,543.3584516490922,408.57777482006577,43049.08291393182,21644.18114093514,3,False,1012.9972717222839,380.9475818327362,0.09003096341868141,11.262678073768534,11.262678073768534,0.7093434200893498,389.67658101949314,293.15,293.15,30.05276304046138,30.05276304046137,543.3584516490922,42036.08564220954,1013.0,408.57777482006577,69.94723695953863,69.94723695953861
27.926435524287122,27.926435524287122,13.679262261725354,563.5567349865926,388.5808276346807,42986.56707747911,25284.978811193705,2,False,1012.99596161965,417.6363859456746,0.02214769537362941,3.776387324684063,3.776387324684063,0.5643306891094113,567.8325699092582,582.2427753616846,582.2427753616846,35.59489224590454,35.59489224590454,563.5567349865926,41973.57111585946,1013.0,388.5808276346807,64.40510775409547,64.40510775409545
26.902912098644748,26.902912098644748,13.67416128909055,526.1587453972442,386.6844760901336,42958.29151245668,24810.425817713352,2,False,1012.989246491957,419.78083794418194,0.06575653436936928,10.389709707181456,10.389709707181456,0.5671440588389067,588.4383431714839,559.1151761544368,559.1151761544368,30.793745285023192,30.793745285023196,526.1587453972442,41945.302265964725,1013.0,386.6844760901336,69.20625471497681,69.20625471497681
20.83236039263609,20.83236039263609,13.673025895651753,539.6380779161753,405.1692775692276,42951.99926706207,22268.54657879192,2,False,1013.0012479436122,389.7505039516723,0.07001343506908698,9.18742810111314,9.18742810111314,0.6920435225315306,427.3681664722526,337.2489112539224,337.2489112539224,30.405778504555688,30.405778504555688,539.6380779161755,41938.99801911846,1013.0,405.1692775692276,69.59422149544432,69.59422149544432
25.598284681847225,25.598284681847225,13.663778589234516,543.8852669859566,411.87135397788154,42900.77100726411,22776.72562010759,3,False,1012.9993972866732,397.5866352647523,0.03629379776627094,4.917321997324531,4.917321997324531,0.7017867628725901,426.30179747231495,347.3355340608598,347.3355340608598,30.0,30.0,543.8852669859566,41887.77160997744,1013.0,411.87135397788154,70.0,70.0
24.595909808890617,24.595909808890617,13.6432798433669,512.1251035979164,377.31837067622126,42787.33555182803,24065.40695211961,3,False,1012.9961515678599,412.0438299333358,0.0,0.0,0.0,0.6622142686268464,620.5253968638418,563.5037961411449,563.5037961411449,31.986376848424314,31.986376848424314,512.1251035979163,41774.33940026017,1013.0,377.31837067622126,68.01362315157569,68.01362315157569
30.0,30.0,13.63206546991177,547.2488943944311,385.30401024978323,42725.34979897847,24801.215640130315,2,False,1012.9938137338773,416.09232808299544,0.022651974736705303,3.713905882783255,3.713905882783255,0.5872712557284023,585.4908722611892,577.27237254492,577.27237254492,34.81893375685746,34.818933756857454,547.2488943944311,41712.35598524459,1013.0,385.30401024978323,65.18106624314254,65.18106624314254
21.801859477648584,21.801859477648584,13.602622613918674,587.1973880418702,418.5437469723256,42562.85145157657,22927.072833268183,3,False,1012.9980862449742,395.638370965613,0.03582297242671975,5.146589593232234,5.146589593232234,0.6602296616093606,339.3096104111862,293.15,293.15,34.59441694457573,34.59441694457573,587.1973880418702,41549.8533653316,1013.0,418.5437469723256,65.40558305542427,65.40558305542427
26.626316168713437,26.626316168713437,13.601605885003158,530.33888240916,376.121747875939,42557.24628921553,23999.94234462341,2,False,1012.9973555250647,408.4104355605003,0.0,0.0,0.0,0.643650928869507,611.950488157468,571.7441168839106,571.7441168839106,35.156376707012555,35.15637670701256,530.33888240916,41544.24893369047,1013.0,376.121747875939,64.84362329298744,64.84362329298744
9.465626835259512,9.465626835259512,13.59141012797806,602.3594533679122,401.3325621547318,42501.06089093821,22752.87448970043,2,False,1012.9924980949751,386.43436611603306,0.04753967353964691,7.055284234738421,7.055284234738421,0.6262768866149911,342.5839157223829,305.7462281350964,305.7462281350964,38.7987455660027,38.7987455660027,602.3594533679122,41488.06839284324,1013.0,401.3325621547318,61.2012544339973,61.2012544339973
24.673036154379464,24.673036154379464,13.562876663610993,614.047384577107,402.566731853986,42344.046480454395,22843.062117528832,3,False,1012.9997808072867,386.76162349221954,0.06912384454976665,10.508314237231147,10.508314237231147,0.5886776161722549,324.78954492186944,296.92244388490394,296.92244388490394,39.8994448236585,39.89944482365849,614.047384577107,41331.04669964711,1013.0,402.566731853986,60.1005551763415,60.100555176341494
27.272365510063267,27.272365510063267,13.556148798401587,549.8869932780293,392.4167704992686,42307.07235002863,25005.223243885684,2,False,1012.9926124652277,423.23406788541564,0.027650991037586066,4.63433064932407,4.63433064932407,0.5690045592438562,577.162162826859,581.7146302693003,581.7146302693003,33.95329653065142,33.953296530651414,549.8869932780293,41294.07973756341,1013.0,392.4167704992686,66.04670346934859,66.04670346934857
16.30218283741958,16.30218283741958,13.532371721582807,588.9977642393644,410.23598692882643,42176.548355908206,22919.062045320738,3,False,1012.9976082338056,395.6459665990751,0.026568181491284423,3.928474740720027,3.928474740720027,0.6497294465905726,363.45853683114905,323.1862154378304,323.1862154378304,36.48981130206399,36.48981130206399,588.9977642393644,41163.5507476744,1013.0,410.23598692882643,63.51018869793601,63.510188697936
18.81702215252185,18.81702215252185,13.525899055640377,590.3957417554644,421.1320885724511,42141.056407622586,23668.679019884505,3,False,1012.998985901028,407.92135019430367,0.05978357445282218,9.193102256488245,9.193102256488245,0.5905254592645885,374.4248236686065,346.24273226288597,346.24273226288597,34.38841198817815,34.38841198817815,590.3957417554643,41128.057421721554,1013.0,421.1320885724511,65.61158801182185,65.61158801182185
26.010232644588086,26.010232644588086,13.517045749472695,586.7321703905678,411.78371445796597,42092.53805201992,22601.58912111494,2,False,1012.9959931995854,392.9513636777906,0.04101896434599738,5.915565910118573,5.915565910118573,0.6523883101099335,350.73651029680616,304.1784218859003,304.1784218859003,36.07903354229447,36.07903354229447,586.7321703905678,41079.542058820334,1013.0,411.78371445796597,63.92096645770553,63.92096645770553
11.190342187728854,11.190342187728854,13.51387359869576,570.2646008955466,403.33995657055146,42075.161594355304,21960.69445557056,2,False,1012.9987395760418,385.56964704465975,0.05113492382386075,7.007608527075806,7.007608527075806,0.6785708470719738,373.6143109262169,307.90131341858415,307.90131341858415,35.60532321970665,35.60532321970665,570.2646008955466,41062.162854779264,1013.0,403.33995657055146,64.39467678029335,64.39467678029335
25.454984387907224,25.454984387907224,13.50835651091719,585.9916636604382,397.2857644562112,42044.94971861677,25300.990483997386,2,False,1012.9937724496222,422.1909518009651,0.0,0.0,0.0,0.5558902003112294,541.5143621600475,585.8099998091769,585.8099998091769,38.076472953805016,38.076472953805016,585.9916636604382,41031.95594616715,1013.0,397.2857644562112,61.923527046194984,61.923527046194984
30.0,30.0,13.485966789746309,552.8473653650267,382.5064099710951,41922.46899650154,24114.83323859079,3,False,1013.004741902347,411.4443805811113,0.0,0.0,0.0,0.6114293710980211,587.461086552904,577.7881446069068,577.7881446069068,37.30244595131592,37.30244595131592,552.8473653650267,40909.464254599196,1013.0,382.5064099710951,62.69755404868408,62.697554048684076
24.57289649422129,24.57289649422129,13.47291371747898,519.8355502956448,379.84670252079275,41851.15722842903,23381.90544184748,3,False,1013.0072037455882,409.0530716591927,0.009387571539335275,1.4089828417407002,1.4089828417407002,0.6568782807642729,600.5335020926605,542.0327211003319,542.0327211003319,33.81076085088465,33.81076085088465,519.8355502956447,40838.15002468344,1013.0,379.84670252079275,66.18923914911535,66.18923914911535
9.891119392561414,9.891119392561414,13.46413609604772,590.9878255108055,407.98659588685086,41803.24200873321,22211.10401792139,3,False,1012.9994459971242,388.16669204580904,0.08456333637523274,12.110333482564533,12.110333482564533,0.6137108812338867,341.32935038938643,293.95675640048006,293.95675640048006,37.273262340084756,37.273262340084756,590.9878255108055,40790.24256273608,1013.0,407.98659588685086,62.726737659915244,62.726737659915244
26.804856053881082,26.804856053881082,13.45367672907367,540.1947121190475,414.54070749053056,41746.18726253929,22110.692365156305,3,False,1012.9950327022618,398.30706805434505,0.05312603810613411,7.123649691369899,7.123649691369899,0.6926439029746971,425.52501531321167,343.12790649675827,343.12790649675827,30.0,30.0,540.1947121190475,40733.192229837034,1013.0,414.54070749053056,70.0,70.0
18.096898247102253,18.096898247102253,13.442495887146379,561.3719199109328,402.77075321530776,41685.245978730716,21470.271201978947,3,False,1012.9906068612779,383.2707246244792,0.10066497567634713,13.399743593055405,13.399743593055405,0.6505805610555504,382.26776129508306,306.0001135495965,306.0001135495965,34.62763956767781,34.62763956767781,561.3719199109328,40672.25537186944,1013.0,402.77075321530776,65.37236043232218,65.37236043232218
0.0,0.0,13.42832187382295,598.2801941802553,442.61342037714047,41608.06321451791,25975.536574841524,2,False,1013.000379477456,444.8167168578655,0.0,0.0,0.0,0.5566470085743295,422.32045360438934,456.24493400889156,456.24493400889156,32.12602292992699,32.12602292992698,598.2801941802553,40595.06283504046,1013.0,442.61342037714047,67.87397707007301,67.87397707007301
22.089150445646688,22.089150445646688,13.424538272151423,611.2589799437828,411.4627390113598,41587.473867815876,22682.753048305807,1,False,1012.997400804916,392.998625513692,0.0689219693714974,10.49506902192957,10.49506902192957,0.5877861401939007,320.1300618868881,293.15,293.15,38.77648370808525,38.77648370808525,611.2589799437828,40574.47646701096,1013.0,411.4627390113598,61.22351629191475,61.22351629191475
18.06236587273031,18.06236587273031,13.396399903715691,522.6044362583527,404.44366861086934,41434.53443156248,20322.067472171348,3,False,1012.9990725608984,376.33499192062686,0.07590156328759615,9.018066912172362,9.018066912172362,0.7657595601749733,410.29039175437174,293.15,293.15,30.0,30.0,522.6044362583527,40421.53535900159,1013.0,404.44366861086934,70.0,70.0
18.233229073638476,18.233229073638476,13.392621041742471,598.2671964124448,417.5859168614612,41414.019764219105,22573.574245176922,0,False,1013.0001370773741,396.71975544038344,0.10216727454885968,15.158754268451144,15.158754268451144,0.5718147211979365,334.9726988675069,298.88005631303974,298.88005631303974,36.27441293161229,36.27441293161229,598.2671964124448,40401.01962714173,1013.0,417.5859168614612,63.72558706838771,63.7255870683877
17.118875075460725,17.118875075460725,13.376733147526291,514.5695645708049,400.79955037460934,41327.83096273107,20174.84010847034,3,False,1012.9962705742176,375.5879607555871,0.07757376760922458,9.127757013881837,9.127757013881837,0.7722929355824517,427.0944479502872,302.2100694655374,302.2100694655374,30.0,30.0,514.5695645708049,40314.83469215685,1013.0,400.79955037460934,70.0,70.0
21.957914400256737,21.957914400256737,13.3677861180446,534.2193785240637,415.331043705638,41279.340059656315,21354.75063583019,3,False,1012.9933522803294,392.4558590400545,0.05144880808775866,6.6069051683621325,6.6069051683621325,0.7272638686754367,412.7814741259611,318.7709760833245,318.7709760833245,30.0,30.0,534.2193785240637,40266.34670737598,1013.0,415.331043705638,70.0,70.0
28.848782282447345,28.848782282447345,13.36440439924062,517.1270397822516,390.8561629446711,41261.02034739648,24168.586454668515,2,False,1013.0061016254815,427.52701762584604,0.026041865583274,4.138485972384781,4.138485972384781,0.6032188291984824,612.6803191590245,585.5165075938843,585.5165075938843,31.346271246514746,31.346271246514746,517.1270397822518,40248.014245770995,1013.0,390.8561629446711,68.65372875348525,68.65372875348525
16.11082971137297,16.11082971137297,13.324869130985254,573.4400873869696,400.1331986280352,41047.19063557514,21106.164393987972,3,False,1013.0053314531845,380.04026089326777,0.12230038469303127,16.50216723586403,16.50216723586403,0.6188167240176162,361.2775027766644,293.15,293.15,37.11127175453416,37.11127175453416,573.4400873869696,40034.18530412196,1013.0,400.1331986280352,62.88872824546584,62.88872824546584
30.0,30.0,13.31470454072743,564.2597526323417,391.2162720706334,40992.316997441725,24258.609475078538,1,False,1012.997175298394,420.15853248740734,0.016736978790543713,2.8732082156887975,2.8732082156887975,0.5657818480439862,574.564357715934,593.15,593.15,37.59912667139748,37.59912667139748,564.2597526323417,39979.319822143334,1013.0,391.2162720706334,62.40087332860252,62.40087332860252
15.861187429052022,15.861187429052022,13.309486244984743,518.3552136988098,402.643489320181,40964.162244967025,19885.743314338357,3,False,1012.9983840751538,373.7499378733119,0.14798998240715602,17.294041841728752,17.294041841728752,0.7077381565757817,417.1477374815008,293.15,293.15,30.0,30.0,518.3552136988098,39951.16386089187,1013.0,402.643489320181,70.0,70.0
0.0,0.0,13.284227067490148,567.4228969720436,437.41776675271245,40828.03508139627,25075.74124355243,2,False,1012.9986831887151,444.7554848327954,0.00364904416417625,0.618900921913009,0.618900921913009,0.5859516552332548,467.8460422680846,477.17841379381787,477.17841379381787,30.0,30.0,567.4228969720436,39815.03639820756,1013.0,437.41776675271245,70.0,70.0
26.3525393054246,26.3525393054246,13.278228426442048,571.0124615417159,392.14240701016456,40795.74510683839,24214.168620666194,2,False,1013.0049751591114,419.79936474672206,0.008567446718547608,1.4887907431629737,1.4887907431629737,0.5668960129981517,567.6053337500733,593.15,593.15,38.41843611326463,38.41843611326463,571.0124615417158,39782.740131679275,1013.0,392.14240701016456,61.58156388673537,61.58156388673537
30.0,30.0,13.270728476639754,500.94068832881555,383.8063593152032,40755.39428103631,23586.504938100203,2,False,1012.9715054912513,425.24754762504136,0.05441564078524127,8.402705348207302,8.402705348207302,0.5931810382634977,635.1261581087501,589.7815820997821,589.7815820997821,30.667730070572496,30.667730070572496,500.94068832881555,39742.422775545056,1013.0,383.8063593152032,69.3322699294275,69.3322699294275
19.001135756459355,19.001135756459355,13.27013789716875,510.373057911467,399.4693112689707,40752.21784547102,19578.73649391202,3,False,1012.9990385552655,371.33018256479824,0.1083712741136153,12.424832925625848,12.424832925625848,0.7638438676296815,425.1847711911896,293.15,293.15,30.0,30.0,510.373057911467,39739.21880691576,1013.0,399.4693112689707,70.0,70.0
16.867659996932368,16.867659996932368,13.215661597332893,549.1764503880544,404.633050601152,40459.824626400215,20533.891975140035,3,False,1012.9927723022711,381.6420271689006,0.05711160106370947,7.321865905961831,7.321865905961831,0.722902698531785,380.2389864919072,293.15,293.15,34.87463988323741,34.8746398832374,549.1764503880544,39446.831854097945,1013.0,404.633050601152,65.1253601167626,65.1253601167626
30.0,30.0,13.214583577991974,508.1698267035116,378.474259786961,40454.05065866733,22791.686683839627,1,False,1013.0074236699445,413.7134260002923,0.03230561990715813,4.857683938826848,4.857683938826848,0.6327359989792297,627.6598805441037,567.5594568553092,567.5594568553092,33.507199864045084,33.507199864045084,508.16982670351166,39441.043234997385,1013.0,378.474259786961,66.49280013595492,66.49280013595492
0.0,0.0,13.202516553523548,623.9531581678526,448.42663807517715,40389.45074407973,25908.0592657759,1,False,1012.9959186447337,449.45876491276914,0.0,0.0,0.0,0.5186055535837276,393.17719085675117,455.91824429490794,455.91824429490794,35.56705084018067,35.56705084018067,623.9531581678526,39376.454825435,1013.0,448.42663807517715,64.43294915981933,64.43294915981932
26.493568848605722,26.493568848605722,13.1556686677085,518.0781126726051,373.15,40139.213406855924,22130.075926010173,3,False,1013.0035703149948,403.56164329190403,0.03613510622654532,5.356619383581915,5.356619383581915,0.6384527940692968,615.4140871801418,548.6112451804196,548.6112451804196,36.38757881865867,36.387578818658675,518.0781126726051,39126.20983654093,1013.0,373.15,63.61242118134133,63.612421181341325
0.0,0.0,13.134548388892798,585.1173444476333,446.771493083044,40026.69063369072,25008.30487992725,1,False,1012.99913577032,449.21863925851176,0.01921836673166291,3.3804912628293646,3.3804912628293646,0.5492897357143036,435.72565508704076,460.9059261015518,460.9059261015518,31.639088503360473,31.639088503360473,585.1173444476333,39013.6914979204,1013.0,446.771493083044,68.36091149663953,68.36091149663953
0.0,0.0,13.11452971475691,595.6821020168665,454.37047228934216,39920.20378539239,25272.46386531839,2,False,1012.9993785087257,453.23261175965297,0.0028257800964816885,0.508519568416701,0.508519568416701,0.5528618024443209,413.57296206232434,447.56618370625654,447.56618370625654,31.7784642770853,31.7784642770853,595.6821020168665,38907.20440688366,1013.0,454.37047228934216,68.2215357229147,68.2215357229147
30.0,30.0,13.088094157751346,528.2349799997885,385.8168113972676,39779.831989440725,22975.758448198507,1,False,1012.9964063785228,419.01025907009426,0.004862261994057138,0.7711715868827054,0.7711715868827054,0.6256409978202447,616.193277222489,587.7131914927566,587.7131914927566,35.86351038361214,35.86351038361214,528.2349799997885,38766.8355830622,1013.0,385.8168113972676,64.13648961638786,64.13648961638786
18.757271230642722,18.757271230642722,13.07429905684753,616.9512019073609,406.2801929893175,39706.69299952073,21367.861835712698,2,False,1012.9978215020444,386.65776581967646,0.07540369136621716,11.384999244580978,11.384999244580978,0.5869036987911229,331.3990828686891,300.90369478500406,300.90369478500406,30.0,30.0,616.9512019073608,38693.69517801869,1013.0,406.2801929893175,70.0,70.0
30.0,30.0,13.058620657954929,573.3962674723111,386.2810278070033,39623.66276741762,23165.678474669654,2,False,1012.9968508259383,413.11372396912793,0.0254040378902016,4.365422358217736,4.365422358217736,0.5565336489038264,570.295461939804,589.3309527418598,589.3309527418598,40.78656818570046,40.78656818570046,573.3962674723111,38610.66591659168,1013.0,386.2810278070033,59.21343181429954,59.21343181429955
28.818295919787563,28.818295919787563,13.054726502969075,521.5310337715498,379.03525634368884,39603.05540624304,22544.890442646243,2,False,1012.9956741361295,414.04475608098835,0.03935448411460645,6.112435343310795,6.112435343310795,0.6044884672496876,626.5755246696245,585.2336645594254,585.2336645594254,36.011538723816955,36.011538723816955,521.5310337715498,38590.05973210691,1013.0,379.03525634368884,63.988461276183045,63.98846127618305
28.189071767684954,28.189071767684954,13.01870758016785,540.5568584175251,385.53003717522216,39412.73929128746,22855.78899170009,3,False,1012.9939883122913,417.5195745100507,0.01688507126612826,2.74171496723235,2.74171496723235,0.5989729397937542,607.4482853913809,593.15,593.15,37.52690486808347,37.52690486808347,540.5568584175251,38399.74530297516,1013.0,385.53003717522216,62.47309513191653,62.47309513191654
24.37166355819454,24.37166355819454,13.017724890732458,563.2918951327949,411.1148004426031,39407.55434368569,20838.68781303148,2,False,1012.9990954219702,392.6494745517633,0.05503528770585684,7.565016594439734,7.565016594439734,0.6724619625487905,378.72921065070045,313.06409799712475,313.06409799712475,36.30894586532706,36.30894586532706,563.2918951327948,38394.55524826372,1013.0,411.1148004426031,63.69105413467294,63.69105413467294
30.0,30.0,13.015748201472322,514.0216423509085,383.3228332496878,39397.12595712294,22304.576145116567,2,False,1013.0096018462633,415.4460528018074,0.003494984678270297,0.5295941122434566,0.5295941122434566,0.6564414831697026,619.6846868779601,564.6826649779081,564.6826649779081,34.863296115371966,34.86329611537196,514.0216423509085,38384.116355276674,1013.0,383.3228332496878,65.13670388462803,65.13670388462803
19.88948325804828,19.88948325804828,13.004456601933136,561.558427503572,412.06812099429004,39337.5854148181,20389.333109482723,2,False,1012.9995447884239,387.3345837405174,0.14422575874033003,19.14782676129736,19.14782676129736,0.6089968421234248,367.17865108852266,293.15,293.15,35.10498312766291,35.10498312766291,561.558427503572,38324.58587002968,1013.0,412.06812099429004,64.8950168723371,64.8950168723371
25.764204648051958,25.764204648051958,12.997781364673108,603.2100574998452,401.20304829512634,39302.411229838886,21223.82492266623,3,False,1012.9994214924733,388.7453818825293,0.09072194119000514,13.685830700512533,13.685830700512533,0.5721676062205704,350.1316155134815,317.63326287157713,317.63326287157713,41.80530859235387,41.80530859235386,603.2100574998452,38289.41180834641,1013.0,401.20304829512634,58.19469140764613,58.19469140764614
16.895491006390262,16.895491006390262,12.956529342565938,554.0234212865836,409.39136747835676,39085.440400357074,20418.822529710837,1,False,1013.0031124014558,390.36254275343975,0.09116904487253304,12.208964114905259,12.208964114905259,0.6555695319181851,390.73171345342473,314.66315540947187,314.66315540947187,35.50619775694481,35.50619775694481,554.0234212865836,38072.43728795562,1013.0,409.39136747835676,64.4938022430552,64.4938022430552
19.515122035730492,19.515122035730492,12.953239386336557,528.1313699016798,418.94147262618,39068.166108037454,20471.996126645277,2,False,1013.005186717731,398.23374879982026,0.11266989261705973,14.601832624697295,14.601832624697295,0.6589448458404388,429.4777633241582,334.7156259462521,334.7156259462521,30.0,30.000000000000004,528.1313699016796,38055.16092131972,1013.0,418.94147262618,70.0,70.0
3.6302893115246864,3.6302893115246864,12.901591792905386,578.9563142469918,450.0933204254785,38797.559495748246,24318.069290546915,2,False,1013.0014554594466,452.46454265679455,0.04638642188480455,8.09780551755618,8.09780551755618,0.5264406456983572,441.15924213876696,463.135071686959,463.135071686959,31.23509518112995,31.235095181129946,578.9563142469918,37784.5580402888,1013.0,450.0933204254785,68.76490481887005,68.76490481887005
20.550311774042036,20.550311774042036,12.856735160219529,527.7249181570494,404.51120835468555,38563.411239302084,19126.299449088165,3,False,1012.9986602668065,378.79476047835897,0.09110335610989766,11.060709070758351,11.060709070758351,0.7325631514086061,401.518431378221,293.15,293.15,33.57710458654466,33.57710458654466,527.7249181570494,37550.41257903528,1013.0,404.51120835468555,66.42289541345534,66.42289541345534
23.751083208965984,23.751083208965984,12.855806228112055,554.9265443532396,413.2332952878397,38558.57090245607,20489.899348740975,2,False,1012.990483370204,396.3137476074463,0.05284168436682139,7.243176124242233,7.243176124242233,0.6766957928452157,395.90686846273127,326.3482201795197,326.3482201795197,35.483650506291305,35.4836505062913,554.9265443532395,37545.58041908587,1013.0,413.2332952878397,64.5163494937087,64.5163494937087
21.08918083672407,21.08918083672407,12.838324912934453,579.6691808913031,419.5174612610532,38467.547168425386,20924.218689338446,2,False,1013.0006214631625,400.1110455840285,0.09837663819056891,14.224623040026687,14.224623040026687,0.5932173528329313,359.3884284941454,312.4990473595881,312.4990473595881,37.10301803198438,37.10301803198438,579.6691808913031,37454.54654696222,1013.0,419.5174612610532,62.89698196801562,62.896981968015616
0.0,0.0,12.775513970499526,594.3834938334074,465.9076537747605,38141.517898693346,24650.280425144017,1,False,1012.9912723137917,463.7501160583667,0.0028084634228116565,0.5140003384754497,0.5140003384754497,0.5435848387959568,411.6752957652631,453.0908151184396,453.0908151184396,31.870187735573865,31.870187735573865,594.3834938334074,37128.52662637956,1013.0,465.9076537747605,68.12981226442614,68.12981226442614
3.802385664687762,3.802385664687762,12.772927825948525,547.0383365843812,438.9584868294331,38128.128415282285,22869.202458177486,2,False,1012.9984439220068,442.04655167599594,0.02102600038326356,3.344582313466341,3.344582313466341,0.6076324810841014,474.7918098222647,454.17608134456356,454.17608134456356,30.0,30.0,547.0383365843812,37115.12997136028,1013.0,438.9584868294331,70.0,70.0
30.0,30.0,12.74099439781477,475.51777403158155,380.82646635781146,37963.01993537911,21609.229672700665,2,False,1012.9962576591264,424.9786529578645,0.011645476689793698,1.7061927408937985,1.7061927408937985,0.6708962087057936,673.221374173825,593.15,593.15,31.492072289603758,31.492072289603755,475.51777403158155,36950.02367771998,1013.0,380.82646635781146,68.50792771039625,68.50792771039625
24.976254460345064,24.976254460345064,12.740031029247042,506.7283505900571,373.15,37958.04536039486,21253.118464084095,3,False,1013.007354550455,410.6972477899249,0.01904361314379027,2.8565804923970513,2.8565804923970513,0.6476140635600839,657.5542663800696,593.15,593.15,37.08973868011761,37.08973868011761,506.7283505900571,36945.038005844406,1013.0,373.15,62.91026131988239,62.91026131988239
30.0,30.0,12.730313701791788,520.7834115497011,392.7099070281063,37907.88873961252,22253.868575372282,2,False,1012.9950493487701,427.7572947284903,0.0455039156663006,7.261632865686953,7.261632865686953,0.5811308441453401,618.0778744099327,593.15,593.15,35.18692259763872,35.18692259763872,520.7834115497011,36894.89369026375,1013.0,392.7099070281063,64.81307740236127,64.81307740236127
28.26252137884623,28.26252137884623,12.669530836988256,542.8392359311531,415.984539382929,37595.02240669717,19731.287863985304,3,False,1012.9986980371337,395.4451330630691,0.06005738274014375,7.946818820815878,7.946818820815878,0.6956838024348547,398.51517480429675,317.1082874341505,317.1082874341505,34.936291420129514,34.936291420129514,542.8392359311531,36582.02370866004,1013.0,415.984539382929,65.06370857987048,65.06370857987048
28.45485726111867,28.45485726111867,12.64456406599695,509.6108380917493,383.6334491311741,37466.94533493088,21079.895831489335,3,False,1012.9972634821067,414.58849154947063,0.011264961533679622,1.6800369285759311,1.6800369285759311,0.6592537242209406,624.8649980364492,560.4167825272228,560.4167825272228,36.71008943632999,36.71008943632999,509.6108380917495,36453.94807144877,1013.0,383.6334491311741,63.28991056367001,63.28991056367001
0.0,0.0,12.640537385911417,626.7636516317011,440.1369973137399,37446.312522247106,23713.753043737128,2,False,1013.0003218970821,442.37779988126454,0.0,0.0,0.0,0.5207066369809664,396.90450864798726,458.383248769635,458.383248769635,40.45429522943729,40.45429522943729,626.7636516317011,36433.312200350025,1013.0,440.1369973137399,59.54570477056271,59.545704770562715
28.16347285488758,28.16347285488758,12.63370617506362,555.6033687598222,384.3920953029452,37411.32425262041,22146.93209018218,2,False,1013.0060606960571,419.77374722280376,0.02446416174140268,4.203430148042347,4.203430148042347,0.5575405553536658,574.0572682990057,593.15,593.15,30.0,30.0,555.6033687598222,36398.31819192436,1013.0,384.3920953029452,70.0,70.0
0.0,0.0,12.626696047435814,622.2216245002556,439.33299844177014,37375.439265513225,23599.485628909657,2,False,1013.0007437831157,442.23791399989824,0.0,0.0,0.0,0.5257927879972419,404.4820759298134,462.61581516596596,462.61581516596596,40.32267176781995,40.32267176781995,622.2216245002556,36362.43852173011,1013.0,439.33299844177014,59.67732823218005,59.67732823218005
8.81701319642125,8.81701319642125,12.585770715875329,471.3193613840784,373.15,37166.33920747535,18667.67733773824,1,False,1012.9821604391145,385.42044629927415,0.18296045342010137,22.286140066002574,22.286140066002574,0.6380002552456709,575.625367442333,421.65123029100647,421.65123029100647,32.0731074622564,32.0731074622564,471.3193613840784,36153.35704703623,1013.0,373.15,67.9268925377436,67.9268925377436
2.321711145942004,2.321711145942004,12.584414405788719,588.3451267775635,440.8414738784168,37159.42102505658,22909.918978603833,2,False,1012.9981696796858,442.3958012196937,0.028596835893232947,4.978352161511275,4.978352161511275,0.5458268883728267,430.6160944527438,450.8101738508498,450.8101738508498,36.53724667407571,36.53724667407571,588.3451267775635,36146.42285537689,1013.0,440.8414738784168,63.46275332592429,63.46275332592428
25.268566398321102,25.268566398321102,12.570116931237182,525.7232535690348,392.64558228886136,37086.53870810732,21469.045679030245,2,False,1012.9912825605943,422.2809742494463,0.03723374749256127,5.8414892500744635,5.8414892500744635,0.6001678790205173,602.7517066453422,568.671025066064,568.671025066064,37.10124375732883,37.10124375732883,525.7232535690347,36073.54742554673,1013.0,392.64558228886136,62.89875624267117,62.89875624267116
21.178138649804872,21.178138649804872,12.56992936971003,570.9077747647336,406.7582549270524,37085.583151452425,19401.25098060269,2,False,1012.9993571063294,387.0452508632592,0.06648761566215308,9.109420756163447,9.109420756163447,0.6633899192751531,355.79846970971596,293.15,293.15,40.067853476427146,40.067853476427146,570.9077747647335,36072.583794346094,1013.0,406.7582549270524,59.932146523572854,59.93214652357285
12.183755141429017,12.183755141429017,12.557099968406307,626.8734964884475,405.00577711868,37020.2559362938,20158.89505605048,3,False,1012.9943192835213,387.6888938232787,0.057810557717562105,9.025773587101682,9.025773587101682,0.5826947370327573,320.2500249362392,300.678425439854,300.678425439854,32.77471555201713,32.77471555201713,626.8734964884475,36007.26161701028,1013.0,405.00577711868,67.22528444798287,67.22528444798289
3.30937626099936,3.30937626099936,12.547367748389629,618.4433808718461,459.5995109178555,36970.74404181097,24190.699520208465,1,False,1013.001791522484,460.55797088982763,0.010935826919740294,2.1296622665157185,2.1296622665157185,0.5025646981016331,398.3955219326437,466.5620123777263,466.5620123777263,37.026175419813526,37.026175419813526,618.4433808718461,35957.74225028849,1013.0,459.5995109178555,62.973824580186474,62.973824580186474
27.009165537700916,27.009165537700916,12.531812909649155,474.99025086560823,381.6945289700315,36891.68974771633,20710.226425446286,2,False,1012.9959421561167,420.975528123261,0.032941274075382776,4.714579425194214,4.714579425194214,0.6657694931957782,661.2091518418704,569.0851321776478,569.0851321776478,32.66735569563279,32.66735569563279,474.9902508656082,35878.693805560215,1013.0,381.6945289700315,67.33264430436721,67.33264430436721
23.86318843039895,23.86318843039895,12.529871357463405,501.5861891477862,391.59354828956714,36881.829088938,21262.121167271867,2,False,1012.9867559274405,426.14068851983143,0.06849437992992197,10.390012796944575,10.390012796944575,0.5907384936817864,623.4196164078141,568.6924033065311,568.6924033065311,33.84117278781526,33.84117278781526,501.58618914778623,35868.84233301056,1013.0,391.59354828956714,66.15882721218475,66.15882721218475
29.827501854096425,29.827501854096425,12.518676231178313,522.1665927982962,385.84185456389275,36825.0016408536,20758.90887820679,2,False,1013.0095327481392,413.0887243660043,0.023276159026045136,3.522024570134211,3.522024570134211,0.6375982489329594,604.6678519100076,550.2166954367414,550.2166954367414,38.51430770487399,38.51430770487399,522.1665927982962,35811.99210810546,1013.0,385.84185456389275,61.48569229512601,61.48569229512601
0.0,0.0,12.511555416389825,614.7103537836348,451.6284438852922,36788.88218766281,23524.57256006825,2,False,1012.9998921941602,451.4691590693834,0.0,0.0,0.0,0.5308147314033399,397.7494321418794,450.6116549838417,450.6116549838417,31.48673863270469,31.486738632704686,614.7103537836348,35775.882295468655,1013.0,451.6284438852922,68.51326136729531,68.51326136729531
30.0,30.0,12.49339078153498,515.1072840910826,385.9938674087669,36696.83739906203,20839.065312867937,1,False,1012.995388097597,416.82971657868234,0.020381325327624572,3.093059917161452,3.093059917161452,0.6385559689207463,622.5899822625561,568.1903577753967,568.1903577753967,37.81821260967423,37.81821260967423,515.1072840910826,35683.842010964436,1013.0,385.9938674087669,62.18178739032577,62.18178739032577
26.663907291605057,26.663907291605057,12.467923483681911,554.3910614251587,384.6013623282575,36568.01335637599,21660.84927001176,2,False,1013.0087343379757,420.2117308256127,0.030189022387508122,5.179424098484381,5.179424098484381,0.5526754392491076,574.9052727712358,593.15,593.15,30.0,30.0,554.3910614251587,35555.00462203801,1013.0,384.6013623282575,70.0,70.0
19.407131973519995,19.407131973519995,12.465874290846164,585.6209192069017,415.0869386929614,36557.6591248991,19634.538897045848,1,False,1012.9975693345343,394.1154444397235,0.13818997521411489,19.819018051024536,19.819018051024536,0.5590694695189262,339.8979028008744,293.15,293.15,40.51266081867361,40.51266081867361,585.6209192069017,35544.66155556457,1013.0,415.0869386929614,59.48733918132639,59.48733918132639
30.0,30.0,12.45886700896074,507.59203961947924,389.1624613949137,36522.26535233353,21154.108424174363,1,False,1012.990280852043,425.5662992839289,0.053022913470841385,8.194249061204733,8.194249061204733,0.5940517980103576,635.4037690778257,590.515332738695,590.515332738695,35.69613761784768,35.69613761784768,507.59203961947935,35509.27507148149,1013.0,389.1624613949137,64.30386238215232,64.30386238215232
24.742321578605576,24.742321578605576,12.458721321879706,590.6097474100269,420.6017889303696,36521.529698239094,19983.631062151988,2,False,1012.9942767351573,400.03184098602145,0.07171811140762367,10.571879296356517,10.571879296356517,0.6066675322152706,331.1600725901573,293.56017629268297,293.56017629268297,40.82177488901034,40.82177488901034,590.6097474100269,35508.53542150393,1013.0,420.6017889303696,59.17822511098966,59.17822511098966
30.0,30.0,12.449347502499736,465.25981130470984,383.9967559682015,36474.214218679976,20850.446264339527,2,False,1012.974884276967,429.6093159772233,0.04548716256619908,6.598796954363996,6.598796954363996,0.6438379201841795,671.6751396602324,585.9641038285762,585.9641038285762,30.0,30.000000000000004,465.25981130470973,35461.239334403006,1013.0,383.9967559682015,70.0,70.0
26.725341813648104,26.725341813648104,12.43720776067127,578.3044262158069,411.0337442832876,36412.99033915791,19282.047280695893,2,False,1012.9988659215529,390.3813384827498,0.1320540234035432,18.48500891358209,18.48500891358209,0.5823303949156433,348.24593257862773,293.15,293.15,40.4478473609365,40.44784736093649,578.3044262158069,35399.991473236354,1013.0,411.0337442832876,59.5521526390635,59.55215263906349
20.04276309423392,20.04276309423392,12.410582774639373,510.3740448325972,390.83071967573494,36278.922757971464,20801.673924815015,2,False,1013.0044434319141,422.2687316640552,0.04121548847618928,6.270034287667764,6.270034287667764,0.6161252306527968,619.2130073311267,566.4810082422596,566.4810082422596,36.42229515749004,36.42229515749004,510.3740448325972,35265.91831453955,1013.0,390.83071967573494,63.57770484250996,63.57770484250997
29.31049275358886,29.31049275358886,12.387332379520059,459.38689511939157,378.24061776969324,36162.08260536509,20196.609303640198,2,False,1012.9963328663473,422.1214425552236,0.015738050129920956,2.208052271084382,2.208052271084382,0.6970190859224763,680.023111901579,573.7436850255611,573.7436850255611,30.623110057936977,30.62311005793697,459.38689511939157,35149.08627249874,1013.0,378.24061776969324,69.37688994206303,69.37688994206303
14.251376522687515,14.251376522687515,12.364322615710089,556.2244923498058,419.5445519857897,36046.667404497195,18937.312359843294,1,False,1013.0012931460244,394.0042999623134,0.13109594648297132,17.506268237507243,17.506268237507243,0.6177555203424815,365.04782402880573,293.15,293.15,37.19637970587375,37.19637970587375,556.224492349806,35033.66611135117,1013.0,419.5445519857897,62.80362029412625,62.80362029412625
28.678773286920027,28.678773286920027,12.32161534646941,507.95642495793925,388.5686401248176,35833.019791847924,20401.298911384318,1,False,1013.0072898900742,420.0911092101407,0.00255325005148525,0.3845297175696505,0.3845297175696505,0.6614396573426684,630.0922685241408,570.6588141763342,570.6588141763342,37.28601306058004,37.28601306058004,507.95642495793925,34820.01250195785,1013.0,388.5686401248176,62.71398693941996,62.71398693941996
28.725137649145267,28.725137649145267,12.317107877990441,481.56928299099127,378.5759397474726,35810.51383377768,20022.93920053758,2,False,1012.9916169581269,417.5584305912604,0.0,0.0,0.0,0.6939312303392924,674.291724640289,584.3421521045466,584.3421521045466,35.59091081070847,35.59091081070847,481.56928299099127,34797.522216819554,1013.0,378.5759397474726,64.40908918929154,64.40908918929154
0.0,0.0,12.31281072177162,602.469668427948,449.8918761564426,35789.06563989079,22860.836415188838,1,False,1012.9988576180785,453.34267123703427,0.018140315267384573,3.369053548674584,3.369053548674584,0.5202991902287847,421.77506310567895,471.06387645352896,471.06387645352896,31.488709643628777,31.488709643628777,602.469668427948,34776.06678227271,1013.0,449.8918761564426,68.51129035637122,68.51129035637122
28.755565843412995,28.755565843412995,12.312671114778091,482.2111343021846,373.15,35788.368951586985,19599.840395349303,2,False,1013.0035923126155,409.3533459557703,0.016881387879380774,2.374205028808987,2.374205028808987,0.6941518916621621,668.7486025311215,565.599189754472,565.599189754472,36.79610322684822,36.79610322684822,482.2111343021846,34775.36535927437,1013.0,373.15,63.20389677315178,63.20389677315178
7.009842037945741,7.009842037945741,12.174081710567087,476.4967451129172,383.23456415438187,35100.65500267606,17772.485651791394,1,False,1012.9595765892933,389.1960354814598,0.22307140075078594,27.288475127707983,27.288475127707983,0.5943850518609074,552.8500183910672,406.7040726517987,406.7040726517987,33.14658097609549,33.1465809760955,476.4967451129172,34087.695426086764,1013.0,383.23456415438187,66.85341902390451,66.85341902390451
25.91331053782201,25.91331053782201,12.1120545241686,542.9438498733738,400.270012901167,34795.38290099717,20672.10569709008,2,False,1012.9945395651035,428.9005387553597,0.03188454000596816,5.273598761353761,5.273598761353761,0.5727223223823116,596.350774526033,593.15,593.15,40.67668591132373,40.67668591132373,542.9438498733738,33782.388361432066,1013.0,400.270012901167,59.32331408867627,59.32331408867627
1.329788295318945,1.329788295318945,12.096615969188592,568.0330904038285,452.46381525198154,34719.64309365667,21671.606708593717,2,False,1013.0013186777996,454.28651064884957,0.04699934849312585,8.020399143324147,8.020399143324147,0.5389982764785214,451.12040999808113,462.94824251151636,462.94824251151636,35.12120322641637,35.12120322641637,568.0330904038286,33706.64177497887,1013.0,452.46381525198154,64.87879677358363,64.87879677358363
14.19382442151863,14.19382442151863,12.088871633338306,626.7454405579341,393.7132297207182,34681.68663948974,18476.50577675739,3,False,1012.9995502958524,378.56819700286684,0.0647903510549531,9.939171842377934,9.939171842377934,0.5870783567452743,329.10862058376904,303.6092114068235,303.6092114068235,31.97657035752942,31.976570357529415,626.7454405579341,33668.68708919388,1013.0,393.7132297207182,68.02342964247057,68.02342964247057
0.0,0.0,12.056464061289802,593.6460912312924,451.3529130432626,34523.114695236625,21686.3858812233,2,False,1013.0063133127894,450.3876395079944,0.024301144963679404,4.326904752583628,4.326904752583628,0.5373276948939348,415.4177080037234,444.8068058759856,444.8068058759856,38.886043353835774,38.886043353835774,593.6460912312924,33510.108381923834,1013.0,451.3529130432626,61.113956646164226,61.113956646164226
19.511618182696637,19.511618182696637,12.053763751577627,613.788910561816,420.2710914760086,34509.92115030329,19244.763290763876,2,False,1013.0001267052781,401.0265238716971,0.09142331004034893,14.267369832638554,14.267369832638554,0.5493627010659562,339.4317869702748,318.54831167073957,318.54831167073957,30.0,30.0,613.788910561816,33496.92102359801,1013.0,420.2710914760086,70.0,70.0
1.8553673245909073,1.8553673245909073,12.024662766316366,467.1734259597344,376.10824581656493,34367.92309253266,17301.777330858316,1,False,1012.8266909016587,387.65254582856255,0.23119888516975132,28.050555023408265,28.050555023408265,0.5930232558068362,578.0469984170722,421.7496131801705,421.7496131801705,33.85425614640177,33.85425614640177,467.1734259597344,33355.096401631,1013.0,376.10824581656493,66.14574385359823,66.14574385359823
17.669892642300816,17.669892642300816,11.976134061629422,572.0627375994595,408.04673490239026,34131.89104813871,18107.41300798304,2,False,1012.9933084692044,391.3766842738493,0.057133498276750745,8.008480590903257,8.008480590903257,0.6562789602818433,361.2837436816016,304.53944398330714,304.53944398330714,42.99465685486474,42.99465685486474,572.0627375994595,33118.897739669505,1013.0,408.04673490239026,57.00534314513526,57.00534314513526
30.0,30.0,11.962009398095956,475.3575617884943,385.1839365500225,34063.37139045356,19372.52672581107,2,False,1012.9951297558866,426.04659952628293,0.029377886654819694,4.271955968057399,4.271955968057399,0.6583138141605986,678.3010645900163,593.15,593.15,35.47669840476221,35.47669840476221,475.3575617884943,33050.376260697674,1013.0,385.1839365500225,64.5233015952378,64.5233015952378
1.673821355319114,1.673821355319114,11.939690413784044,619.246363199695,456.5019036240475,33955.26538442039,22098.653254877376,0,False,1013.0084836614402,457.63223431012875,0.020499238119784907,3.9772144029500955,3.9772144029500955,0.4949177357446267,398.15492539037234,464.54650290621737,464.54650290621737,36.22945743611908,36.22945743611908,619.2463631996951,32942.25690075895,1013.0,456.5019036240475,63.77054256388092,63.77054256388093
0.0,0.0,11.895261636543575,572.5834619246069,454.03590580564173,33740.667591279904,21338.276530680065,1,False,1013.0014133207975,458.1518574719334,0.03923363685568145,6.867774637562926,6.867774637562926,0.5320378291748894,455.0855741437364,479.0560793239237,479.0560793239237,36.391262247919016,36.39126224791902,572.5834619246069,32727.666177959105,1013.0,454.03590580564173,63.608737752080984,63.60873775208098
25.146650018233032,25.146650018233032,11.833791556661605,625.4806400245623,422.64045261959774,33445.07687121037,19132.325817536945,3,False,1012.9993068505122,406.8660330970397,0.056293891370372606,9.269984684349783,9.269984684349783,0.5509767060170402,336.121904784088,332.8513947859069,332.8513947859069,30.0,30.000000000000004,625.4806400245621,32432.077564359854,1013.0,422.64045261959774,70.0,70.0
28.24804188772685,28.24804188772685,11.819604796293266,492.7401497593789,386.37581834790063,33377.07461059424,18799.08980981753,2,False,1013.0048658545971,419.4682568531868,0.037420919187035724,5.460006875562182,5.460006875562182,0.6479430380366029,648.3458576719488,568.8808286747546,568.8808286747546,38.3692817962173,38.36928179621731,492.74014975937894,32364.06974473964,1013.0,386.37581834790063,61.6307182037827,61.6307182037827
30.0,30.0,11.812588760680857,470.0124326165049,379.27144705855414,33343.47436684949,18305.48446153686,2,False,1012.9891399554384,414.45545286007047,0.06694095021700257,9.238622054485667,9.238622054485667,0.6576362629454349,663.0370301840073,550.2865923300703,550.2865923300703,36.07317691354217,36.07317691354217,470.0124326165049,32330.485226894052,1013.0,379.27144705855414,63.92682308645783,63.92682308645783
25.970916192906767,25.970916192906767,11.619304180042814,579.4425171883238,373.15,32425.667734187235,18465.8554151183,3,False,1012.9970672135802,399.7798371756908,0.024091761262694925,4.0835990099383075,4.0835990099383075,0.5658721701630522,539.8353320556616,550.264713352013,550.264713352013,33.08474125833632,33.08474125833632,579.4425171883238,31412.670666973656,1013.0,373.15,66.91525874166368,66.91525874166368
23.621253519258218,23.621253519258218,11.48259609462576,581.3319036485275,375.48864119481345,31785.655149104587,18450.043869549125,3,False,1012.9966966913213,405.4939290973588,0.010922417466781449,1.91191732068178,1.91191732068178,0.5603584297032504,563.479836030953,593.15,593.15,35.51801041369147,35.518010413691464,581.3319036485275,30772.658452413267,1013.0,375.48864119481345,64.48198958630853,64.48198958630853
25.146161282035145,25.146161282035145,11.416727160413696,464.22915550248047,384.1930120057974,31479.98720756218,17678.892653812996,2,False,1013.0090588397994,424.33765235935545,0.025141364878807596,3.546159069077787,3.546159069077787,0.6838331731795163,690.6823914201259,585.8461294793193,585.8461294793193,36.78906223967902,36.78906223967902,464.22915550248047,30466.97814872238,1013.0,384.1930120057974,63.21093776032098,63.21093776032099
21.172660637297675,21.172660637297675,11.396685668089038,566.8743855403673,385.0106820587327,31387.332620620862,18330.64431170156,2,False,1013.0052567121298,413.6290090722318,0.04836920200065752,8.235097807504886,8.235097807504886,0.5389851091597667,556.4307470049304,569.7007333570156,569.7007333570156,34.38569288384503,34.385692883845024,566.8743855403673,30374.32736390873,1013.0,385.0106820587327,65.61430711615498,65.61430711615498
30.0,30.0,11.394132198745117,545.2928142007181,452.69691373231836,31375.53927118662,20285.761904785308,1,False,1012.9914613979496,471.47913956633556,0.1117449029318265,19.6843702221579,19.6843702221579,0.45593850106166167,524.7841259906534,555.91745574283,555.91745574283,35.47357565397968,35.47357565397968,545.292814200718,30362.54780978867,1013.0,452.69691373231836,64.52642434602032,64.52642434602033
19.51854386973443,19.51854386973443,11.387966941686832,619.7782691499998,415.6824922252054,31347.075559312554,17244.775489431187,2,False,1013.0001430369423,394.87744628774055,0.10263086482149048,15.885133051249682,15.885133051249682,0.5434503766158705,314.9497086950511,293.15,293.15,34.76958052754399,34.76958052754398,619.7782691499998,30334.075416275613,1013.0,415.6824922252054,65.23041947245602,65.23041947245602
24.66468863256268,24.66468863256268,11.284928203414886,525.9512538276593,458.66994760066814,30873.64736331975,19798.603557081184,1,False,1012.9925614460008,474.8521503531151,0.12104148941000963,20.401439574950924,20.401439574950924,0.4722572774016494,526.6361898646976,533.7932450736897,533.7932450736897,31.089301894891587,31.089301894891584,525.9512538276593,29860.65480187375,1013.0,458.66994760066814,68.91069810510841,68.91069810510841
25.026975908683255,25.026975908683255,11.27783633929939,656.8862858379525,536.3398645128777,30841.220919318825,21900.086637213204,1,False,1012.9957173747352,502.3271346890048,0.02934089704859727,6.161631178596282,6.161631178596282,0.44684627154596307,232.1302653819866,293.15,293.15,37.88067384871531,37.88067384871531,656.8862858379526,29828.22520194409,1013.0,536.3398645128777,62.11932615128469,62.119326151284696
17.084563637419958,17.084563637419958,11.228721383092406,635.8460859696705,403.9974816122769,30617.209867155983,16960.982554114522,3,False,1012.9989297869004,390.4618908767649,0.04933703537789281,8.039613285790317,8.039613285790317,0.564337200236076,323.0548573788512,316.573242371739,316.573242371739,33.491300509400396,33.491300509400396,635.8460859696706,29604.210937369084,1013.0,403.9974816122769,66.50869949059961,66.50869949059961
0.0,0.0,11.227824292086146,433.53702834446267,373.15,30613.127368376947,14951.300347887805,1,False,1012.8851032892298,384.35095791115026,0.23780872516149654,26.83780198791702,26.83780198791702,0.6482874062152957,608.4015338176634,412.90037668661375,412.90037668661375,33.32963473761083,33.32963473761083,433.5370283444626,29600.242265087716,1013.0,373.15,66.67036526238917,66.67036526238917
18.371466775472605,18.371466775472605,11.078115897357245,543.342112532238,479.9372030761321,29936.400694419357,18698.05863929542,1,False,1012.9966528969546,467.2714246929515,0.1264739460589042,20.304619208178707,20.304619208178707,0.4964086835644105,439.019738752585,423.85142384626,423.85142384626,31.104002748258875,31.104002748258875,543.3421125322379,28923.4040415224,1013.0,479.9372030761321,68.89599725174112,68.89599725174111
25.389887059790937,25.389887059790937,11.02488235812427,546.6633225649875,485.91622564472294,29697.958484273724,18500.099595888354,1,False,1013.0089510171445,467.1538121653748,0.08224961357724574,13.107643774519016,13.107643774519016,0.5452438932049363,420.6850409050377,403.1657702825465,403.1657702825465,30.215764923201547,30.215764923201547,546.6633225649875,28684.94953325658,1013.0,485.91622564472294,69.78423507679845,69.78423507679845
22.658676096387598,22.658676096387598,10.979932773114015,644.8807610989307,400.1890864251058,29497.515888231217,16301.22095372738,3,False,1012.993279904297,387.1305154464504,0.034376394557287256,5.686677510812889,5.686677510812889,0.5701311494685964,314.5845951301634,312.94754293045287,312.94754293045287,33.09986893240061,33.09986893240061,644.8807610989307,28484.52260832692,1013.0,400.1890864251058,66.90013106759939,66.90013106759939
28.748961053417027,28.748961053417027,10.899239467100701,612.2085237945437,503.8391030424633,29139.736757788312,19519.427197797784,1,False,1012.9993695212927,482.8057762575995,0.04145248785860017,7.80589725048063,7.80589725048063,0.4895881667701529,321.04573426776426,363.55904393526055,363.55904393526055,39.80058227573544,39.80058227573544,612.2085237945437,28126.737388267018,1013.0,503.8391030424633,60.19941772426456,60.199417724264556
21.807214406293937,21.807214406293937,10.89562404473267,649.7792935258011,402.9296414785503,29123.76841664036,16143.454231646969,3,False,1012.9986589734195,387.86153213782853,0.03188092256948301,5.306144107079259,5.306144107079259,0.5689493965119131,296.44512053291925,296.70733696151854,296.70733696151854,35.235964654397755,35.23596465439775,649.7792935258012,28110.76975766694,1013.0,402.9296414785503,64.76403534560225,64.76403534560225
29.47870943528258,29.47870943528258,10.89179841732349,611.135277944772,500.72246815488575,29106.87742554566,19493.92856675232,1,False,1012.9986153376758,482.2714261730862,0.028171452590068456,5.323619559193129,5.323619559193129,0.5010070936383222,330.0727738014235,375.0967430960453,375.0967430960453,39.9935288821785,39.9935288821785,611.1352779447722,28093.878810207985,1013.0,500.72246815488575,60.0064711178215,60.00647111782149
25.467935407959786,25.467935407959786,10.845220499908365,534.6478982348641,479.2772925762189,28901.701378709353,17933.952464032212,1,False,1012.9923593556134,466.8455090059408,0.08607998702726213,13.576472277126182,13.576472277126182,0.5479579667959178,447.0538120167015,424.0141657045238,424.0141657045238,31.34066860860019,31.340668608600193,534.6478982348641,27888.70901935374,1013.0,479.2772925762189,68.6593313913998,68.6593313913998
0.0,0.0,10.832862848159943,623.3131658780924,455.5917079301127,28847.413428749453,18877.792156393894,2,False,1013.0028708286067,458.1870713650209,0.008022493617350525,1.582970616730175,1.582970616730175,0.49877741363058037,399.44055951065576,473.9706549444352,473.9706549444352,34.481420158363605,34.481420158363605,623.3131658780924,27834.410557920844,1013.0,455.5917079301127,65.5185798416364,65.5185798416364
4.075909546784593,4.075909546784593,10.82518340540083,439.8324675789395,374.0138990495801,28813.708330878602,14219.668991636438,0,False,1012.9098587879138,386.5378984014098,0.22297786064141464,25.669175994316458,25.669175994316458,0.6456821255255948,609.8665402213749,422.2025085971537,422.2025085971537,36.28268184271978,36.282681842719775,439.8324675789395,27800.79847209069,1013.0,374.0138990495801,63.71731815728022,63.71731815728021
22.514416220780394,22.514416220780394,10.733564261922655,615.7515008440952,415.55885845226965,28413.43526764143,15755.996323760008,1,False,1012.9993727395537,397.77670389037576,0.11072585284132078,17.290208861992262,17.290208861992262,0.52967041839587,336.21988340360963,315.72605124453264,315.72605124453264,32.66172568216694,32.66172568216694,615.7515008440952,27400.43589490188,1013.0,415.55885845226965,67.33827431783305,67.33827431783307
1.6087047876828144,1.6087047876828144,10.722958058520453,634.7193531697509,457.84856916590996,28367.317753198433,18538.964361083075,2,False,1012.999805261455,455.8069811283082,0.0,0.0,0.0,0.5028124411594782,371.04313991137144,443.7661900081805,443.7661900081805,32.180099315407574,32.180099315407574,634.7193531697509,27354.31794793698,1013.0,457.84856916590996,67.81990068459243,67.81990068459243
22.126725382816637,22.126725382816637,10.702219654095304,674.7518257708634,537.8938472782647,28277.2754945407,20697.12201068638,1,False,1012.9916153394279,509.5765395418129,0.024850321981863432,5.633918128347424,5.633918128347424,0.4162338651813725,215.01837129336172,293.15,293.15,43.10258715946351,43.1025871594635,674.7518257708634,27264.28387920127,1013.0,537.8938472782647,56.89741284053649,56.89741284053649
21.429871124109287,21.429871124109287,10.695318945518258,612.3780728696433,532.3541176472335,28247.352564740217,19006.355865262238,1,False,1012.9982692759589,491.96745657518477,0.03896303415958093,7.129682718071196,7.129682718071196,0.5075274016745912,266.4014871994874,293.15,293.15,37.1336378844769,37.1336378844769,612.3780728696433,27234.354295464258,1013.0,532.3541176472335,62.8663621155231,62.8663621155231
19.832015970904912,19.832015970904912,10.686234681146898,628.9469953627308,398.3978256186396,28207.990703009797,15467.83905775054,3,False,1013.0009916716963,387.3335112127115,0.06856937329919517,10.999451544916425,10.999451544916425,0.5548196476823611,337.05859086703634,325.14873656162507,325.14873656162507,35.72076490274503,35.72076490274503,628.9469953627308,27194.9897113381,1013.0,398.3978256186396,64.27923509725497,64.27923509725497
17.330159305262164,17.330159305262164,10.66898233690899,588.0587280884529,489.27214262724374,28133.328858934186,19806.355407843388,1,False,1013.009307659514,502.3203039052138,0.032263893585352386,6.584972696824096,6.584972696824096,0.4576985568423179,474.9999426828076,582.9973470702495,582.9973470702495,40.30931032181375,40.309310321813754,588.058728088453,27120.31955127467,1013.0,489.27214262724374,59.69068967818625,59.690689678186246
26.021347534038817,26.021347534038817,10.638554695677309,496.9858002278544,449.5742235733859,28001.943144517776,17638.345734900122,1,False,1012.8808289600613,473.05604199106995,0.14742317608901723,23.670227757043975,23.670227757043975,0.4753979374304582,571.6001004360394,551.905585175851,551.905585175851,31.771382996680128,31.771382996680124,496.9858002278544,26989.062315557716,1013.0,449.5742235733859,68.22861700331987,68.22861700331987
21.534828887746507,21.534828887746507,10.59227950887798,634.3694911882765,530.7062199680566,27802.847459603887,19235.27446472622,0,False,1012.9959044374924,496.6553305083609,0.03429116095977777,6.753782961457531,6.753782961457531,0.47344148540257164,248.44478072768098,294.2595782527015,294.2595782527015,40.4229283468105,40.4229283468105,634.3694911882764,26789.851555166395,1013.0,530.7062199680566,59.5770716531895,59.57707165318949
26.836123144069614,26.836123144069614,10.586160372640855,493.5504280062372,446.9870806500975,27776.58528435778,17446.81984511425,1,False,1012.4500345388713,471.90418773357544,0.1710296418328596,27.312777850804483,27.312777850804483,0.4551594728998333,576.0002745547744,553.1628376900898,553.1628376900898,31.53070323050136,31.530703230501363,493.5504280062372,26764.13524981891,1013.0,446.9870806500975,68.46929676949864,68.46929676949864
23.259339259315922,23.259339259315922,10.556168774086862,614.1465396214845,534.2834988618366,27648.086490246875,18732.687566868583,1,False,1012.9949379381638,494.42278758378274,0.04895200488711418,9.051027534874038,9.051027534874038,0.49189271907930604,264.6652865991406,294.27963246526673,294.27963246526673,37.96143720674257,37.96143720674257,614.1465396214845,26635.09155230871,1013.0,534.2834988618366,62.03856279325743,62.038562793257434
27.698415620647904,27.698415620647904,10.552327040011154,594.1094486114334,390.1271142268472,27631.652947662387,16675.873197532444,3,False,1013.0033925459242,418.7834652798524,0.000741264165387626,0.1375628094513086,0.1375628094513086,0.5381138001825109,530.2693990111128,591.7801803024075,591.7801803024075,32.15374174333635,32.15374174333635,594.1094486114334,26618.649555116463,1013.0,390.1271142268472,67.84625825666365,67.84625825666365
6.3295982421154795,6.3295982421154795,10.535690376731246,433.34717079926475,381.11290828736014,27560.5563879125,13941.520557819475,1,False,1012.8765730985548,396.9518377585422,0.21317867636181284,25.059985354257257,25.059985354257257,0.6374949108260483,624.3092946795437,441.3393708142354,441.3393708142354,36.03443049184682,36.03443049184682,433.3471707992648,26547.679814813946,1013.0,381.11290828736014,63.96556950815318,63.96556950815319
30.0,30.0,10.535129679263122,534.4225425185622,454.5844491789387,27558.162208779202,17651.272903645884,1,False,1012.9918027131143,471.5892349341312,0.11778787098894326,20.142597354445023,20.142597354445023,0.4669821510506926,534.6220235440873,549.7909212776123,549.7909212776123,38.81003622942903,38.81003622942903,534.4225425185622,26545.17040606609,1013.0,454.5844491789387,61.18996377057097,61.18996377057096
25.57470138802289,25.57470138802289,10.479216623012567,512.6448652017933,455.2794736542511,27320.05325613944,17404.479200286314,1,False,1012.9091460090722,474.9699665582143,0.1499028941239044,24.764420175069308,24.764420175069308,0.45541268792559486,555.2925312301559,551.6654655063617,551.6654655063617,35.927122263115855,35.927122263115855,512.6448652017933,26307.144110130368,1013.0,455.2794736542511,64.07287773688415,64.07287773688415
0.0,0.0,10.47155938482169,455.43876856913647,373.15,27287.543113236537,13707.70249881163,1,False,1012.8960367643867,388.5872548893418,0.20563986827007932,24.670674698163246,24.670674698163246,0.6278998333635748,612.1065387554198,441.6076091530855,441.6076091530855,40.85896186074595,40.85896186074595,455.4387685691366,26274.647076472153,1013.0,373.15,59.14103813925405,59.14103813925406
29.301094946051457,29.301094946051457,10.44480102275895,502.9693299527674,456.2775653037022,27174.122432278607,17159.92600415904,0,False,1012.9663387631756,474.40025076674357,0.1413091287348257,22.749176802939537,22.749176802939537,0.47985237508084827,557.635484974279,539.860669266357,539.860669266357,34.41715214216684,34.41715214216684,502.96932995276734,26161.15609351543,1013.0,456.2775653037022,65.58284785783316,65.58284785783316
16.62917968203218,16.62917968203218,10.415213026810935,529.7244967298542,485.8962707299733,27049.045634114154,16831.061530528637,1,False,1013.0083667301135,470.43362686476263,0.12187733772974674,19.063068860415733,19.063068860415733,0.5174601090484253,448.5832781591251,421.938113979253,421.938113979253,30.0,30.000000000000004,529.7244967298542,26036.03726738404,1013.0,485.8962707299733,70.0,70.0
23.153768274215974,23.153768274215974,10.38977772554248,627.5069058685906,420.90718632616125,26941.807062379106,15097.40885100709,2,False,1013.0001493818174,400.1850752004668,0.10024462014585335,16.02098886921581,16.02098886921581,0.5254634492135387,305.0182570452936,293.15,293.15,35.723096996434926,35.723096996434926,627.5069058685906,25928.80691299729,1013.0,420.90718632616125,64.27690300356508,64.27690300356508
21.020903247951686,21.020903247951686,10.383818127497516,601.93049398441,488.15333477504794,26916.718530087313,19009.664004756956,0,False,1012.9973518340055,499.6190017150345,0.045323062251065714,9.486581665506058,9.486581665506058,0.432436618202262,459.4618795531621,578.3301162500779,578.3301162500779,43.50349407706378,43.50349407706378,601.93049398441,25903.72117825331,1013.0,488.15333477504794,56.49650592293622,56.49650592293624
19.058238715865325,19.058238715865325,10.361996677584976,538.1917101042923,494.6649756957469,26824.978113394063,16745.292368954782,1,False,1013.0022518160279,471.86487862284673,0.12794163203668504,20.09354777335531,20.09354777335531,0.5087882948025153,423.07521663882227,399.57484736814314,399.57484736814314,30.479679674229416,30.479679674229416,538.1917101042923,25811.975861578034,1013.0,494.6649756957469,69.52032032577058,69.52032032577058
18.242057932452617,18.242057932452617,10.361693442001599,641.6490956289507,410.2419924913545,26823.704628316736,14956.093082597221,2,False,1012.9987570931168,393.09502515606755,0.06410122638884626,10.523515440216661,10.523515440216661,0.5450224714191795,296.9337582949926,293.15,293.15,36.561565422018944,36.561565422018944,641.6490956289508,25810.70587122362,1013.0,410.2419924913545,63.438434577981056,63.43843457798105
26.253429304413203,26.253429304413203,10.359988590806784,583.8094039006813,394.0154771801802,26816.545533873712,16169.41681694044,1,False,1012.9956804640902,422.1949059152118,0.029090881992202035,5.2715385536178205,5.2715385536178205,0.5227571543317885,544.3123860396024,593.15,593.15,35.329816581414185,35.329816581414185,583.8094039006813,25803.549853409622,1013.0,394.0154771801802,64.67018341858582,64.67018341858581
23.019796895177617,23.019796895177617,10.341569749033287,532.5893015451651,492.7975191628006,26739.2753467405,16725.72313747088,1,False,1013.0000767860769,473.4608463252383,0.06744082436136851,10.591702519223707,10.591702519223707,0.5692917900503836,427.8352950614877,404.06881431644274,404.06881431644274,33.70526785228938,33.70526785228938,532.5893015451651,25726.27526995442,1013.0,492.7975191628006,66.29473214771062,66.29473214771062
27.79471031444729,27.79471031444729,10.27952849877259,586.6068663110319,373.15,26480.013302731833,15384.667716454042,3,False,1012.9953498745263,403.7958611704136,0.016037762120881892,2.847308744739805,2.847308744739805,0.5472226201790876,542.7447295073883,579.4583540523186,579.4583540523186,31.198175863167638,31.19817586316763,586.6068663110319,25467.017952857306,1013.0,373.15,68.80182413683237,68.80182413683235
28.169595569887317,28.169595569887317,10.246859870134683,579.0527738805202,493.8717058681233,26344.12250321048,17102.167137172608,1,False,1012.9997594199955,476.6649158495956,0.04947483211653128,8.635541978022388,8.635541978022388,0.5234461523734478,369.31734122182854,387.65089419117754,387.65089419117754,40.894967992894756,40.89496799289475,579.0527738805202,25331.122743790485,1013.0,493.8717058681233,59.105032007105244,59.10503200710524
28.201106542579677,28.201106542579677,10.243354462541738,577.0579392580714,387.809983711964,26329.566852264725,15655.705484238111,2,False,1013.0042721925547,417.5919872207558,0.04115663708499938,7.297585542202989,7.297585542202989,0.5228194457849391,547.9505276247949,584.2738939405638,584.2738939405638,33.222562869069264,33.222562869069264,577.0579392580714,25316.56258007217,1013.0,387.809983711964,66.77743713093074,66.77743713093072
17.34715063220896,17.34715063220896,10.23882998370214,650.5567339314227,411.58963503639825,26310.787031534757,14836.266980794771,3,False,1012.9905438949485,394.9141997840367,0.044830970857141085,7.572319878808374,7.572319878808374,0.5472064968494655,288.604615072746,293.15,293.15,36.263435699185976,36.263435699185976,650.5567339314227,25297.796487639807,1013.0,411.58963503639825,63.736564300814024,63.736564300814024
18.400349613343078,18.400349613343078,10.183644922552922,610.7260424658589,533.7996797657167,26082.397335085476,17849.277966611633,1,False,1012.9967455617989,499.0063730572206,0.0115403149950381,2.1661520095092763,2.1661520095092763,0.5212161556670768,272.2153825822917,307.2697090092846,307.2697090092846,40.14031663500299,40.14031663500299,610.7260424658589,25069.400589523677,1013.0,533.7996797657167,59.85968336499701,59.85968336499701
28.026774459149113,28.026774459149113,10.172268904591311,599.1763295667553,495.296504541329,26035.469828331446,17052.041029610664,1,False,1012.9993982582673,475.67607397100903,0.055054836221282155,9.95255979196044,9.95255979196044,0.49811778843106913,332.47429853245274,361.437506976634,361.437506976634,43.659186569430766,43.65918656943076,599.1763295667552,25022.47043007318,1013.0,495.296504541329,56.340813430569234,56.340813430569234
20.936820160817,20.936820160817,10.128053029410653,604.6557817554901,533.2465758808355,25853.57189745223,17500.90265002599,1,False,1012.9964618017406,496.13850141450405,0.017410654539638224,3.1890874362224175,3.1890874362224175,0.5285340675110604,272.7524396395531,300.4386427299894,300.4386427299894,39.89139947256744,39.89139947256744,604.6557817554902,24840.57543565049,1013.0,533.2465758808355,60.10860052743256,60.108600527432564
7.741222042580222,7.741222042580222,10.108258551108895,433.00149140516686,373.6829299835214,25772.396948193793,12485.702717917602,1,False,1012.9093608824838,382.1208426624826,0.24579000063205836,27.393960705034416,27.393960705034416,0.6514515603039895,606.2316099280349,406.31701987068794,406.31701987068794,38.926891330149736,38.92689133014974,433.00149140516686,24759.48758731131,1013.0,373.6829299835214,61.073108669850264,61.073108669850264
27.736029792457366,27.736029792457366,10.09819946652777,569.9844004927807,529.3724923891177,25731.20661919067,18997.924802055713,1,False,1012.9912978637665,536.3913033651928,0.06932725746208801,14.200773780910325,14.200773780910325,0.41886626305777663,460.62284620705134,567.3999364210352,567.3999364210352,32.289536405106794,32.28953640510679,569.9844004927805,24718.215321326905,1013.0,529.3724923891177,67.71046359489321,67.7104635948932
30.0,30.0,10.0727599376464,596.7883928820298,394.06081532038957,25627.21885810871,15567.616278942469,1,False,1013.0034463041651,421.4429196327828,0.00758492481836747,1.4184603373259268,1.4184603373259268,0.527144501079189,527.4275353677334,593.15,593.15,33.767709450399344,33.767709450399344,596.7883928820298,24614.215411804544,1013.0,394.06081532038957,66.23229054960066,66.23229054960066
24.43424999761038,24.43424999761038,10.041540573014872,627.9813445537404,408.2714221488258,25499.963639161455,13898.349673954855,2,False,1013.0015227412372,388.65849973411684,0.10942527889716692,17.033563041234764,17.033563041234764,0.5329845248078521,313.15996745179723,293.15,293.15,33.369233477670136,33.369233477670136,627.9813445537404,24486.962116420218,1013.0,408.2714221488258,66.63076652232986,66.63076652232986
0.0,0.0,10.031419544918032,631.1943221198992,444.5042172708474,25458.793469161035,16432.301735269994,2,False,1013.0027793991364,448.49350972080947,0.003569427358664291,0.707725959299593,0.707725959299593,0.5007821951530781,395.0537752022634,471.0408948061368,471.0408948061368,30.0,29.999999999999993,631.1943221198992,24445.7906897619,1013.0,444.5042172708474,70.0,70.0
17.73866501284126,17.73866501284126,10.026534967654168,652.814976990094,396.5184083801814,25438.938910680972,14013.079891975063,3,False,1012.9948986595621,383.6698825329647,0.03550789185734154,5.940760288140399,5.940760288140399,0.5621915630125395,300.5217749304076,302.3631803465087,302.3631803465087,36.14463093134784,36.14463093134784,652.814976990094,24425.94401202141,1013.0,396.5184083801814,63.85536906865216,63.85536906865216
20.875540027712553,20.875540027712553,10.002061417458112,599.3867940713492,494.97327021071277,25339.605786107135,18145.554618540165,1,False,1012.9966483745653,507.2667145820018,0.04537465835403564,9.599364433054744,9.599364433054744,0.42730932682514094,466.22934373283124,593.15,593.15,44.76114846627398,44.76114846627398,599.3867940713492,24326.60913773257,1013.0,494.97327021071277,55.23885153372602,55.23885153372602
29.73072771415626,29.73072771415626,9.998923903510939,497.2777272670236,447.48352673557486,25326.88881559522,15616.484014047974,1,False,1012.9323473891916,465.0532502896718,0.1568289028269841,24.445428200180288,24.445428200180288,0.48471806269447676,566.9196399213293,531.4089527268469,531.4089527268469,37.566160749968994,37.56616074996899,497.2777272670236,24313.956468206026,1013.0,447.48352673557486,62.433839250031006,62.433839250031006
21.9165352780542,21.9165352780542,9.986952975016488,631.0185266203467,491.97267321591414,25278.40490380989,18062.990157670065,1,False,1013.0017882655951,500.5826298752738,0.03494957447772912,7.842929696450429,7.842929696450429,0.4106692928384815,421.5792196681039,568.9203185321186,568.9203185321186,44.898005005061286,44.898005005061286,631.0185266203467,24265.403115544294,1013.0,491.97267321591414,55.101994994938714,55.10199499493872
30.0,30.0,9.950209302802513,580.753585091292,534.755799344849,25129.950696614913,18881.327505871683,1,False,1012.9930354648299,542.1467441967486,0.06510161110768552,13.835314653640696,13.835314653640696,0.40544504964754596,454.1761011258891,580.4400906795026,580.4400906795026,36.7494527061623,36.7494527061623,580.753585091292,24116.95766115008,1013.0,534.755799344849,63.2505472938377,63.2505472938377
25.26642826750392,25.26642826750392,9.852090182601934,569.078718609504,502.4758935936355,24736.204947784503,15924.769788117577,1,False,1012.9939007119643,478.1517958198912,0.05939796020173874,10.017365015459115,10.017365015459115,0.5335519833220715,356.6092516001857,361.66825706971804,361.66825706971804,40.82130379465608,40.82130379465608,569.078718609504,23723.21104707254,1013.0,502.4758935936355,59.17869620534392,59.17869620534392
16.854673568181404,16.854673568181404,9.827033432366123,633.25720001885,529.3231492385692,24636.27926928253,17188.4816167841,1,False,1012.9962224126424,499.5787206609505,0.048381501045467915,9.677442024796221,9.677442024796221,0.45155950528142547,253.43498449246243,304.8481925861111,304.8481925861111,44.942216774411136,44.942216774411136,633.25720001885,23623.28304686989,1013.0,529.3231492385692,55.057783225588864,55.057783225588864
27.574369315867816,27.574369315867816,9.82376441264388,573.4780286846034,535.973988529853,24623.261267198766,18292.074496343557,1,False,1013.0046174471948,540.0011265426403,0.08729470603790018,18.011100372990263,18.011100372990263,0.39737699213779115,450.20295843667316,558.5943047963068,558.5943047963068,34.64125230884831,34.64125230884831,573.4780286846034,23610.256649751573,1013.0,535.973988529853,65.35874769115169,65.35874769115169
17.798428286596856,17.798428286596856,9.799408971891852,516.5308287520708,489.17399561235527,24526.408542604655,15148.104753064079,1,False,1013.0061294245521,471.5581381318863,0.12524591670887303,19.067397445443802,19.067397445443802,0.5316130860324835,452.7304181719407,414.4797693780071,414.4797693780071,33.38202480823108,33.38202480823108,516.5308287520708,23513.4024131801,1013.0,489.17399561235527,66.61797519176892,66.61797519176892
30.0,30.0,9.737029931022647,551.6067636802201,502.15061266772847,24279.4462180019,15470.108643551941,1,False,1012.9996860281165,478.31889655043665,0.06874011917942939,11.213816041547776,11.213816041547776,0.5442547696678964,383.2619998740586,375.9886433210402,375.9886433210402,39.030638227231265,39.03063822723126,551.6067636802201,23266.446531973783,1013.0,502.15061266772847,60.969361772768735,60.969361772768735
0.3157311665746301,0.3157311665746301,9.727238139626353,621.086443647511,440.84288737023564,24240.82314383657,15235.300241017705,2,False,1012.9969664442693,441.43202012344403,0.04022384309940627,7.5499729377217815,7.5499729377217815,0.49254420032544727,393.7598915189268,444.4563638875832,444.4563638875832,30.0,30.0,621.086443647511,23227.8261773923,1013.0,440.84288737023564,70.0,70.0
3.5512103894661733,3.5512103894661733,9.725041319162857,411.86378293147135,373.15,24232.163267832442,11726.382760898,1,False,1012.7186389703717,385.67278810515995,0.2583967200238948,28.229798136440067,28.229798136440067,0.6569364990625951,636.5057819996472,418.1758500867152,418.1758500867152,37.73157306291974,37.73157306291974,411.86378293147135,23219.44462886207,1013.0,373.15,62.26842693708026,62.26842693708026
27.07529673106712,27.07529673106712,9.710030064780394,562.7202576073817,490.9948781986622,24173.041184014022,15435.738855539294,1,False,1013.0087152623655,473.77604087067925,0.0774126012795836,12.97568061856388,12.97568061856388,0.5191850151015714,386.24873566840074,389.33314344899145,389.33314344899145,42.32137646267077,42.321376462670756,562.7202576073817,23160.032468751655,1013.0,490.9948781986622,57.67862353732923,57.67862353732923
27.251621058413157,27.251621058413157,9.692417044990673,628.9986279687722,405.84118751108997,24103.788447466315,13429.092132762593,3,False,1013.0067784234158,393.9866840977629,0.08404671092652209,13.684500885367743,13.684500885367743,0.5301277601087327,333.9723405117674,327.00512482646076,327.00512482646076,36.61173143016224,36.611731430162244,628.9986279687721,23090.7816690429,1013.0,405.84118751108997,63.38826856983776,63.388268569837756
6.5364554336459815,6.5364554336459815,9.658603614715188,434.4370323224297,382.9325285870154,23971.189610271264,11864.438373506826,1,False,1012.9880641963703,390.48729250608426,0.2051124138428076,23.367018363985387,23.367018363985387,0.6726735777107354,603.1170146611609,413.1890028946103,413.1890028946103,40.188672262797,40.188672262797,434.4370323224297,22958.20154607489,1013.0,382.9325285870154,59.811327737203,59.811327737203
13.452315873555941,13.452315873555941,9.561789123693591,626.3000334245296,418.593138748931,23594.095948998875,13213.724352735926,1,False,1013.0059278746676,399.45789338531654,0.11217164612467861,17.939841747521587,17.939841747521587,0.513093881316082,314.1332863931557,302.12404566067994,302.12404566067994,35.28314156468606,35.28314156468607,626.3000334245298,22581.090021124208,1013.0,418.593138748931,64.71685843531394,64.71685843531394
5.6083560179028895,5.6083560179028895,9.557967082859825,623.9338946977798,456.8640220392129,23579.28699851253,15414.679032421007,1,False,1012.9980913887015,458.13851968151306,0.03219076458320219,6.331670228555866,6.331670228555866,0.47621797151966166,393.94572602570753,465.971342194003,465.971342194003,36.0527316069121,36.0527316069121,623.9338946977798,22566.288907123828,1013.0,456.8640220392129,63.9472683930879,63.947268393087896
28.46102893946977,28.46102893946977,9.538196333298373,608.9510399603289,384.6138073683124,23502.777410134557,13959.380186398277,2,False,1012.9945846672123,409.2930693799916,0.0,0.0,0.0,0.5362383392910536,528.9158440967317,593.15,593.15,38.9029132983628,38.9029132983628,608.9510399603289,22489.782825467344,1013.0,384.6138073683124,61.0970867016372,61.0970867016372
13.794962763139317,13.794962763139317,9.505998359679596,646.6238997347369,390.4082780440604,23378.51557560395,12724.237427883614,3,False,1012.9993374341082,379.81327507533393,0.050811374890431305,8.358923651557648,8.358923651557648,0.5570584539117833,321.5440726251254,318.1015164181565,318.1015164181565,33.71913485537799,33.71913485537799,646.6238997347369,22365.516238169843,1013.0,390.4082780440604,66.28086514462201,66.28086514462201
29.156833730446998,29.156833730446998,9.371290539745397,568.8548992320641,498.2584857433326,22863.193154972167,14738.757304363568,0,False,1012.9979649589525,477.66650252903753,0.053962389477251405,9.165512170037577,9.165512170037577,0.5347923737716219,362.6556812494704,370.4212311898043,370.4212311898043,43.90322621366969,43.90322621366969,568.8548992320641,21850.195190013215,1013.0,498.2584857433326,56.09677378633031,56.0967737863303
20.779430547199848,20.779430547199848,9.368293376364877,502.29847532881183,487.75553115168015,22851.811197210358,13861.139909460904,0,False,1012.9945157474622,467.9279096354243,0.1062924096137138,15.57244994910194,15.57244994910194,0.5762746235835492,464.4844607371607,409.22456885266513,409.22456885266513,31.760701363658686,31.76070136365869,502.29847532881183,21838.816681462897,1013.0,487.75553115168015,68.23929863634132,68.23929863634132
30.0,30.0,9.364648985312437,476.1254541632944,447.1394828813326,22837.976247760653,13872.596285666774,1,False,1012.9091250044542,464.5723427928595,0.1675975977411047,24.984493434606872,24.984493434606872,0.5032088693972666,586.0915576991338,525.4169076301796,525.4169076301796,38.031586147026246,38.03158614702624,476.12545416329436,21825.067122756198,1013.0,447.1394828813326,61.968413852973754,61.96841385297375
25.225187283106624,25.225187283106624,9.314896447598539,539.3484811348882,524.1519391962912,22649.64249984491,16297.858131555011,1,False,1012.9909211491124,532.8663080393383,0.06643383123323442,12.66840801234295,12.66840801234295,0.4579716912957788,495.944074372233,568.7236235391914,568.7236235391914,33.76790587299419,33.76790587299419,539.3484811348882,21636.651578695797,1013.0,524.1519391962912,66.23209412700581,66.23209412700581
30.0,30.0,9.278945033228894,577.4901743740998,491.54224153001275,22514.176061400292,14417.427160808367,1,False,1013.0001590551832,471.81932810977764,0.07173072805504366,12.269698860289163,12.269698860289163,0.5128861306944397,352.1581169772312,362.24482276856213,362.24482276856213,46.096794837173846,46.096794837173846,577.4901743740998,21501.17590234511,1013.0,491.54224153001275,53.903205162826154,53.903205162826154
0.0,0.0,9.239682201379045,634.7438897830026,447.7282168922955,22366.83051352972,14605.928684302955,2,False,1013.0058165784501,452.38567489601496,0.007155168784398312,1.4482655229919956,1.4482655229919956,0.48689572663540914,394.707017870756,480.4397991399618,480.4397991399618,31.746025968675177,31.746025968675184,634.7438897830026,21353.82469695127,1013.0,447.7282168922955,68.25397403132482,68.25397403132482
6.947230060481644,6.947230060481644,9.233558715773615,400.0,378.58022576994784,22343.90661890552,10783.51428758457,1,False,1012.6398786792839,388.223147430812,0.27996106869879894,30.0,30.0,0.6532424936305308,637.7154009201827,410.94749427259876,410.94749427259876,36.635055950593994,36.635055950593994,400.0,21331.266740226234,1013.0,378.58022576994784,63.364944049406006,63.364944049406006
0.0,0.0,9.196345372186164,631.5864295823161,457.8855235631285,22204.921476647978,14505.988045778895,1,False,1012.9987751363394,456.56688132225685,0.03907801634809408,7.741769092084236,7.741769092084236,0.4656905434382003,375.67598213625257,447.56586191182737,447.56586191182737,40.153538400957466,40.153538400957466,631.5864295823161,21191.922701511638,1013.0,457.8855235631285,59.846461599042534,59.846461599042534
29.790566926887703,29.790566926887703,9.153935814037867,546.3764857327375,533.690702286123,22047.213710856962,16170.448564617089,0,False,1012.997344940209,541.2940176055065,0.08945567771765248,17.54878539678667,17.54878539678667,0.4202985627896852,484.29557753550836,571.327955899641,571.327955899641,32.18539229741925,32.18539229741925,546.3764857327375,21034.216365916753,1013.0,533.690702286123,67.81460770258076,67.81460770258076
29.536127928805236,29.536127928805236,9.138060310187281,582.3174578166581,373.2242105042581,21988.36523404046,12754.066306302626,3,False,1013.007085793645,404.3814633879153,0.043357620381008384,7.630798253590788,7.630798253590788,0.5248348404877585,545.6601158127621,577.5140617190877,577.5140617190877,31.509710344000563,31.509710344000556,582.3174578166581,20975.358148246814,1013.0,373.2242105042581,68.49028965599943,68.49028965599943
18.093396641012674,18.093396641012674,9.112778507170594,600.6971312270273,531.6784737117673,21894.859664270054,14781.427849305099,1,False,1012.9970198842917,495.86586934996683,0.04596771901367897,8.371666742747733,8.371666742747733,0.503119104748151,267.6671664500658,293.15,293.15,44.90586356526465,44.905863565264646,600.6971312270273,20881.86264438576,1013.0,531.6784737117673,55.09413643473535,55.09413643473534
26.24286416935977,26.24286416935977,9.102204712445376,503.36734909219047,393.7564359726762,21855.828971614807,12050.09985356341,0,False,1013.0060899387929,412.71018514398037,0.05314824877118091,7.514337356344331,7.514337356344331,0.6541429766661229,610.3660519265902,518.9528716357735,518.9528716357735,51.062139916857824,51.06213991685782,503.36734909219035,20842.822881676013,1013.0,393.7564359726762,48.937860083142176,48.93786008314218
30.0,30.0,9.090757514782364,593.0571429710978,392.83527235763506,21813.625399824723,13167.821121665436,2,False,1012.9960531768526,420.14196996687355,0.03292272668342312,6.073572190479456,6.073572190479456,0.509142562917163,534.6632256538779,593.15,593.15,35.76627296696356,35.76627296696356,593.0571429710978,20800.62934664787,1013.0,392.83527235763506,64.23372703303644,64.23372703303644
18.29232808155568,18.29232808155568,9.053328370961948,649.1770591744091,408.6311825074593,21676.002218162932,12005.328597951362,3,False,1012.9995456923896,389.2985758179025,0.07758004683062673,12.729489111653486,12.729489111653486,0.5318713313837936,297.09349493787886,293.15,293.15,30.258900244657752,30.258900244657756,649.177059174409,20663.002672470542,1013.0,408.6311825074593,69.74109975534225,69.74109975534223
17.455061901420326,17.455061901420326,9.022586640085727,570.0354843141257,491.9330908584022,21563.392670217,15085.20230418273,1,False,1012.9944538628009,505.4453380438249,0.046344246059269935,9.115906205253236,9.115906205253236,0.462044552769782,501.44659745420347,593.15,593.15,46.855456971562006,46.855456971562006,570.0354843141257,20550.3982163542,1013.0,491.9330908584022,53.144543028437994,53.144543028437994
23.079685900113628,23.079685900113628,8.998473408143907,593.7696557378987,373.15,21475.331923158847,12520.247722394335,3,False,1012.9946455006764,403.3601849699437,0.02243681716319014,4.054758033798733,4.054758033798733,0.5309085853532215,545.7893052480152,593.15,593.15,33.75246781335982,33.75246781335983,593.7696557378987,20462.33727765817,1013.0,373.15,66.24753218664017,66.24753218664019
5.061731227484952,5.061731227484952,8.958934156984641,653.9719869968064,584.2418231130747,21331.445874094563,16972.597893693328,0,False,1012.9960362696369,559.9059549459345,0.01911317063380503,4.607096138247725,4.607096138247725,0.3957505539394483,278.5518651095121,403.77221283138124,403.77221283138124,37.3182636051767,37.3182636051767,653.9719869968064,20318.449837824926,1013.0,584.2418231130747,62.6817363948233,62.6817363948233
26.568676325168,26.568676325168,8.929735670691093,510.4826142697244,420.0032374804712,21225.59730442587,11468.79509415774,0,False,1013.0049233720592,411.6462883878296,0.057143388731785406,7.629716048044034,7.629716048044034,0.6918148735673046,462.4178479347647,371.2896057465386,371.2896057465386,48.811912224519816,48.811912224519816,510.4826142697244,20212.59238105381,1013.0,420.0032374804712,51.188087775480184,51.188087775480184
21.638441800422157,21.638441800422157,8.852013023563154,637.7504109611949,406.1758522474837,20945.52597047507,11612.801133193585,2,False,1013.0018358157606,390.91511395582984,0.09178750200712399,14.946025141834358,14.946025141834358,0.5223390041112693,313.3171825926309,306.80482808534987,306.80482808534987,35.29094120105964,35.29094120105964,637.7504109611949,19932.52413465931,1013.0,406.1758522474837,64.70905879894036,64.70905879894036
22.134342072068087,22.134342072068087,8.81276594790572,491.40590641817255,491.85566220486504,20805.03056619263,12483.446717100283,1,False,1012.990541497139,467.1572085671743,0.12765298219870025,18.153417642189442,18.153417642189442,0.5755368232406259,464.12422416153834,396.9149797218696,396.9149797218696,32.95510913778546,32.95510913778546,491.40590641817255,19792.04002469549,1013.0,491.85566220486504,67.04489086221454,67.04489086221453
30.0,30.0,8.786260419912725,465.1234951149594,463.34077176326014,20710.50011954628,13010.52326584038,1,False,1012.9326969020655,483.6454129813467,0.15349118115699428,23.405223180983704,23.405223180983704,0.5023076547272238,594.1806395590204,544.8584301428264,544.8584301428264,33.2452222057791,33.2452222057791,465.1234951149594,19697.567422644213,1013.0,463.34077176326014,66.7547777942209,66.7547777942209
22.667459322281722,22.667459322281722,8.78434836548341,585.9913169373301,540.672498095872,20703.69189818057,13980.6802078382,1,False,1012.9942831700685,501.57131813387343,0.013329040415376024,2.3684799638377223,2.3684799638377223,0.5494386679412766,274.33628225389884,293.15,293.15,43.75737096279909,43.757370962799094,585.9913169373301,19690.6976150105,1013.0,540.672498095872,56.24262903720091,56.24262903720092
4.563771777791171,4.563771777791171,8.703896655380417,646.0970474223284,454.3248905953157,20418.57161252547,13325.322204280548,2,False,1012.9973474219116,451.8355796036466,0.012859209560877409,2.6081981683540745,2.6081981683540745,0.4801711788851172,358.27209122892225,436.993633341721,436.993633341721,31.390874109734195,31.390874109734202,646.0970474223284,19405.574265103558,1013.0,454.3248905953157,68.6091258902658,68.60912589026582
25.003156948299022,25.003156948299022,8.638465873341373,608.2028301624807,383.6323619548426,20188.61972448565,12010.512852767548,2,False,1013.0026475963263,409.6036102521232,0.010080561214129561,1.888244780967848,1.888244780967848,0.5237782539000114,517.7276795927598,583.1909629820533,583.1909629820533,34.50542218685459,34.50542218685459,608.2028301624807,19175.61707688932,1013.0,383.6323619548426,65.49457781314541,65.49457781314541
27.055640317471138,27.055640317471138,8.604665354255348,466.2317464794163,464.71865288109205,20070.509876270076,12463.53701676586,1,False,1012.9510745502037,479.43077798303483,0.1648579710886588,24.707092175360202,24.707092175360202,0.5023916182946995,585.0053989827995,527.238818645742,527.238818645742,37.24080984491408,37.24080984491408,466.2317464794163,19057.55880171987,1013.0,464.71865288109205,62.75919015508592,62.75919015508592
30.0,30.0,8.604095035477402,576.7088735153376,527.8862361382369,20068.52097206112,14887.786638548037,1,False,1012.9956744518156,535.7697121647338,0.0948700179031807,19.763245461344013,19.763245461344013,0.3851625662629271,455.25911198671776,570.3267586452497,570.3267586452497,31.78263789959585,31.78263789959585,576.7088735153376,19055.525297609303,1013.0,527.8862361382369,68.21736210040415,68.21736210040415
25.008353745047266,25.008353745047266,8.557628993932488,600.4590054042656,381.7566395030237,19906.92028665295,11826.721250427254,2,False,1013.008450834796,410.1251491981777,0.020639836763998175,3.825804251794617,3.825804251794617,0.5188503045393995,532.1232417782707,593.15,593.15,34.21255974016622,34.21255974016622,600.4590054042657,18893.91183581815,1013.0,381.7566395030237,65.78744025983377,65.78744025983379
14.698701041572253,14.698701041572253,8.549799370974942,645.5224129548517,402.4318067179946,19879.7763903871,10812.22777497131,3,False,1012.9987788290706,383.67234733689935,0.09306845001549575,14.935378265869302,14.935378265869302,0.5300724464436056,303.7668194469544,293.15,293.15,30.0,30.0,645.5224129548517,18866.777611558027,1013.0,402.4318067179946,70.0,70.0
19.965416239881975,19.965416239881975,8.54342371977912,611.8194142796533,387.386303285812,19857.691506604464,9930.708930394687,0,False,1012.9926017902186,376.1653850612545,0.1988082118316652,29.687401353995753,29.687401353995753,0.4708637795328022,336.2152162751293,301.91942014002046,301.91942014002046,51.13635526979166,51.13635526979166,611.8194142796533,18844.698904814246,1013.0,387.386303285812,48.86364473020834,48.863644730208335
5.7290158266718585,5.7290158266718585,8.3849889017892,607.8901712119803,398.02229994880895,19314.1740796659,11064.11922698949,0,False,1013.0039448981654,414.3480924198762,0.06300763333416198,11.419147585254581,11.419147585254581,0.4887641417808478,515.5181528713301,561.8498907571889,561.8498907571889,55.13444544275225,55.134445442752245,607.8901712119803,18301.170134767734,1013.0,398.02229994880895,44.86555455724775,44.86555455724775
16.906172298009803,16.906172298009803,8.282858991851606,480.5968765868609,493.2680960057701,18969.205861438477,11203.230409644557,1,False,1012.9902747338949,464.06779665478405,0.14227562814905648,19.57646908667286,19.57646908667286,0.5844929608091738,474.0326978429656,392.23646841703237,392.23646841703237,30.0,30.0,480.5968765868609,17956.21558670458,1013.0,493.2680960057701,70.0,70.0
30.0,30.0,8.2714466667605,522.6387728094377,533.4110162914956,18930.920591609498,13558.25995621333,1,False,1012.9969873910835,538.1017679145272,0.10049093442171894,18.51108068836985,18.51108068836985,0.44237815093025307,502.5730020641907,556.7238968956653,556.7238968956653,36.80237582263464,36.80237582263464,522.6387728094377,17917.923604218413,1013.0,533.4110162914956,63.19762417736536,63.19762417736536
13.038352859907613,13.038352859907613,8.1935491618156,566.9298214892333,574.3921034141476,18671.005330265612,13708.745122520082,0,False,1012.9947954836883,547.2600985422149,0.10027357788609999,19.298615060256314,19.298615060256314,0.4193159241222799,368.2091231258627,426.15736284320224,426.15736284320224,39.834923136804846,39.834923136804846,566.9298214892333,17658.010534781923,1013.0,574.3921034141476,60.165076863195154,60.165076863195154
3.180904653009703,3.180904653009703,8.165714573224745,639.1810242852353,439.7656758858702,18578.727968677144,11943.222893339667,2,False,1012.9990805762147,444.18618730019944,0.01774857869609046,3.5683044403977124,3.5683044403977124,0.4796467246629542,392.72155891533816,474.8089341484334,474.8089341484334,36.9736903238432,36.9736903238432,639.1810242852353,17565.72888810093,1013.0,439.7656758858702,63.0263096761568,63.0263096761568
23.841696684640144,23.841696684640144,8.155111968626407,616.3961778501421,481.3481768306797,18543.66074990194,13000.958012935633,1,False,1012.9960348065615,492.8531018960135,0.06074958875079906,13.038054397531377,13.038054397531377,0.40519101019547765,446.84470015057025,576.715836181695,576.715836181695,44.18873711381972,44.18873711381972,616.3961778501421,17530.66471509538,1013.0,481.3481768306797,55.81126288618028,55.81126288618028
30.0,30.0,8.150911726736238,513.0247250746645,529.687975919782,18529.781404648442,13388.593574728413,1,False,1012.995096914187,543.0866810498371,0.0862237425872344,15.989590110650937,15.989590110650937,0.45302549388818547,528.9175059918839,589.8400013130213,589.8400013130213,31.46206039920704,31.462060399207054,513.0247250746647,17516.786307734255,1013.0,529.687975919782,68.53793960079295,68.53793960079297
22.949118708430976,22.949118708430976,8.143666946001614,675.83563573044,407.99794774268906,18505.85844049746,10643.206576621822,3,False,1012.9981836425962,394.59481283036433,0.012410472088471371,2.266046328621191,2.266046328621191,0.5352602410704561,266.97684518199753,293.15,293.15,39.035791825813995,39.035791825813995,675.83563573044,17492.860256854863,1013.0,407.99794774268906,60.964208174186005,60.964208174186005
28.326058462248103,28.326058462248103,8.127632387445859,521.2409972399066,536.3895728082126,18452.98642688924,13374.759205072072,1,False,1013.0054980638457,543.9882453626718,0.1153058925405263,21.533697673595178,21.533697673595178,0.4201613285950034,506.7126006564049,569.0686134125498,569.0686134125498,30.0,30.0,521.2409972399065,17439.980928825396,1013.0,536.3895728082126,70.0,70.0
4.1875369299942875,4.1875369299942875,8.062978684780381,541.7564212421977,385.37893595715695,18240.855861213295,9948.43511137723,0,False,1013.0049664693522,400.16328200228384,0.06373083473985024,9.41434057734856,9.41434057734856,0.6132240110747389,572.7526389228884,508.7954474908121,508.7954474908121,59.58787883200284,59.587878832002836,541.7564212421977,17227.850894743944,1013.0,385.37893595715695,40.41212116799716,40.41212116799716
25.227471424678935,25.227471424678935,7.951626201004607,627.993028502163,490.4816187927014,17879.477000087925,12376.135818047009,1,False,1012.9933886226111,498.42371875712314,0.0650114713412896,14.375291659924864,14.375291659924864,0.3872330665732156,423.2013230698115,562.7422281146951,562.7422281146951,48.406295701903986,48.40629570190398,627.9930285021629,16866.483611465315,1013.0,490.4816187927014,51.593704298096014,51.59370429809602
12.381538876761162,12.381538876761162,7.796500589341284,632.4528429683838,409.9679559575494,17384.415654734737,9618.024376044516,3,False,1012.9988974666785,393.64194139079405,0.11511625666080048,18.57218209041455,18.57218209041455,0.5047153608647145,321.50277352290357,311.92258213166036,311.92258213166036,33.20892768420729,33.20892768420729,632.4528429683838,16371.41675726806,1013.0,409.9679559575494,66.79107231579272,66.7910723157927
1.420810118207541,1.420810118207541,7.783897292723305,657.670544985342,444.0486464278137,17344.62241395175,11247.37799278492,2,False,1012.9999858004181,444.14153263469603,0.0,0.0,0.0,0.4809251044277034,355.78655057097836,444.8851384188961,444.8851384188961,40.23897068652141,40.23897068652141,657.670544985342,16331.622428151333,1013.0,444.0486464278137,59.76102931347859,59.76102931347859
25.53797358384324,25.53797358384324,7.783304347284854,547.5119829370375,497.78175749512184,17342.75185288319,11121.9229006934,1,False,1012.998963592508,480.7554004949506,0.02807476342600584,4.63518227075872,4.63518227075872,0.5776136817321683,390.4352504483015,387.64621844252065,387.64621844252065,48.67005532389271,48.67005532389272,547.5119829370375,16329.752889290681,1013.0,497.78175749512184,51.32994467610729,51.32994467610729
30.0,30.0,7.719225283914288,509.7226435985675,535.0010607535569,17141.441860071453,12358.270179437815,1,False,1013.0029944432123,544.7227488528164,0.07125312447430174,13.064741722003212,13.064741722003212,0.47413174413201403,526.3071376071105,580.3259547585923,580.3259547585923,33.82933725540067,33.82933725540067,509.7226435985675,16128.43886562824,1013.0,535.0010607535569,66.17066274459933,66.17066274459933
17.411644163926052,17.411644163926052,7.592596443883056,650.9453132668802,419.0218887606345,16748.52008194624,9634.065448989168,2,False,1012.9969295640547,402.6536575396453,0.079430612532246,13.725717437999226,13.725717437999226,0.49926855485950566,282.102501206532,293.15,293.15,41.35330316757661,41.35330316757661,650.9453132668801,15735.523152382186,1013.0,419.0218887606345,58.64669683242339,58.646696832423395
30.0,30.0,7.5246728983408495,497.7288422618423,525.6097833518431,16540.435306306674,11759.52630374035,1,False,1013.0058394645672,539.7664384941692,0.10430483981859906,18.654438201863933,18.654438201863933,0.4548373797963397,549.3698369904921,590.8515022439691,590.8515022439691,35.51194656147867,35.51194656147869,497.7288422618424,15527.429466842106,1013.0,525.6097833518431,64.48805343852132,64.48805343852133
17.30672399417183,17.30672399417183,7.325508445135854,454.886628520437,485.335777700956,15941.0719419977,9356.995127821127,1,False,1012.9944481951694,465.9287257832468,0.10753615839526921,14.457446567851534,14.457446567851534,0.6362753984421133,513.6732989729455,415.298047087806,415.298047087806,33.59730329921025,33.59730329921025,454.88662852043706,14928.07749380253,1013.0,485.335777700956,66.40269670078975,66.40269670078976
13.071382642285037,13.071382642285037,7.239534913472881,423.68300338086965,389.0989708107998,15687.311946951551,8621.264161223708,0,False,1012.9654113808358,427.87432240319515,0.08509646982199166,11.067677663852306,11.067677663852306,0.6837772940022098,751.6104391538487,587.8595541079353,587.8595541079353,48.55521252170706,48.55521252170707,423.68300338086965,14674.346535570716,1013.0,389.0989708107998,51.44478747829294,51.444787478292945
7.763926643723891,7.763926643723891,7.1979694951736155,648.3105628449472,536.7178240390804,15565.701497551625,11407.013953044165,0,False,1013.0020018437938,528.3625492468124,0.06171463328713279,14.467830575184571,14.467830575184571,0.36484989528141853,325.74645507257276,459.2305580423313,459.2305580423313,49.58205488992676,49.582054889926766,648.3105628449472,14552.699495707831,1013.0,536.7178240390804,50.41794511007324,50.41794511007325
13.599915608112793,13.599915608112793,7.141962079827115,627.0063693926311,405.9124581469054,15402.944669164364,8029.924041322355,0,False,1012.9905976700353,396.38213272256843,0.17989742985212753,29.59223951916083,29.59223951916083,0.42802354123775843,329.8020069407268,326.2435905295066,326.2435905295066,52.93702401393246,52.937024013932465,627.0063693926311,14389.954071494329,1013.0,405.9124581469054,47.06297598606754,47.06297598606754
21.26886405638626,21.26886405638626,7.099064693025718,516.2321282111942,379.5104324500521,15279.145209869643,8392.75841634128,0,False,1012.9478841124549,405.74340722675373,0.11860532761692963,17.357558887789974,17.357558887789974,0.5647011694755938,666.7853992952382,586.8219505013856,586.8219505013856,60.699632217851786,60.699632217851786,516.2321282111942,14266.197325757188,1013.0,379.5104324500521,39.300367782148214,39.30036778214822
30.0,30.0,7.077654024834956,520.023121974183,504.68280867975704,15217.634243264936,9570.497200807895,1,False,1013.0001229116508,481.47472981510714,0.0804489097352731,12.46118322501828,12.46118322501828,0.5651471647511053,404.6664610009112,376.9399334638378,376.9399334638378,47.21379379710781,47.21379379710781,520.023121974183,14204.634120353285,1013.0,504.68280867975704,52.78620620289219,52.78620620289218
24.01851611532839,24.01851611532839,6.9356433857465545,675.1326689225286,523.261067822476,14814.35318016175,10516.317995284935,1,False,1012.9969496283562,494.27656156841164,0.03966372296081072,8.687482301824557,8.687482301824557,0.41689804698352045,222.56333603705966,293.15,293.15,39.58445631298831,39.58445631298831,675.1326689225286,13801.356230533394,1013.0,523.261067822476,60.41554368701169,60.4155436870117
2.132576343379533,2.132576343379533,6.5707512187212815,644.2412895335624,443.39729374905176,13815.617460348009,8872.410354407322,2,False,1012.9992441935149,446.76390395831083,0.02213663803703745,4.519724750339508,4.519724750339508,0.46764181662161436,383.30725984806713,470.633879555613,470.633879555613,37.5176594397512,37.5176594397512,644.2412895335624,12802.618216154493,1013.0,443.39729374905176,62.4823405602488,62.48234056024881
13.50098855583062,13.50098855583062,6.553821832599363,629.9966549096355,541.1463044725507,13770.590461316873,10367.132318986134,0,False,1012.9998393303136,532.5211945852028,0.017561694023907885,3.956633495116125,3.956633495116125,0.4262927606680716,332.9664496427748,451.1237707108395,451.1237707108395,58.96293076690665,58.96293076690665,629.9966549096355,12757.59062198656,1013.0,541.1463044725507,41.03706923309335,41.03706923309335
20.84967137367279,20.84967137367279,6.501999451503213,584.8710090497627,455.2855253809756,13633.48076516809,8530.719950136448,0,False,1012.9969342055917,452.77000957143747,0.09703280495647193,16.93647975465265,16.93647975465265,0.47588911484103413,412.44242280650707,432.91607282989946,432.91607282989946,61.5684543303429,61.5684543303429,584.8710090497627,12620.483830962497,1013.0,455.2855253809756,38.4315456696571,38.4315456696571
25.237332364816233,25.237332364816233,6.475900487775985,431.1946485173231,475.7937278458394,13564.841236403528,8041.988053076901,0,False,1013.0002936279673,472.9853535044503,0.00957607249852834,1.2889191481565743,1.2889191481565743,0.7333776272912638,574.1098282878467,464.69612522397796,464.69612522397796,37.365008401139505,37.365008401139505,431.194648517323,12551.840942775561,1013.0,475.7937278458394,62.634991598860495,62.63499159886049
4.161138359062075,4.161138359062075,6.372846890708171,673.4721185623838,471.1254313944713,13296.510418836644,8550.290708024442,0,False,1012.9986584901424,472.4563639977851,0.04462727505363344,10.384676520366353,10.384676520366353,0.3851143251407563,347.52329562965474,486.30904221806463,486.30904221806463,52.3506646441398,52.3506646441398,673.4721185623838,12283.511760346502,1013.0,471.1254313944713,47.6493353558602,47.6493353558602
25.038709620533528,25.038709620533528,6.247066048229858,632.8581275229068,489.1553400079096,12974.835302848249,9376.835744896038,1,False,1013.001660417638,501.4434972132594,0.023834127573774753,5.456213764609035,5.456213764609035,0.4129912719069325,430.60517101791004,592.7986110059255,592.7986110059255,39.87296842163623,39.87296842163623,632.8581275229068,11961.83364243061,1013.0,489.1553400079096,60.12703157836377,60.12703157836376
3.274069180374908,3.274069180374908,5.978881072268585,509.63812185196446,538.6825604533005,12310.38337528859,8214.860950765802,0,False,1013.0011919559898,514.3916961925817,0.11434547200800256,18.5826323431437,18.5826323431437,0.5009896963175537,423.20616415996767,413.5957495454428,413.5957495454428,46.36766877322687,46.36766877322686,509.63812185196446,11297.3821833326,1013.0,538.6825604533005,53.63233122677313,53.63233122677313
28.029775213159372,28.029775213159372,5.966654454213939,677.2967276478537,396.35871120818086,12280.785633444582,6621.351830343661,3,False,1012.9990357932662,382.68077669164467,0.021762360180431272,3.8567500940268884,3.8567500940268884,0.5425044356935238,275.06705285456263,293.15,293.15,33.30078520108205,33.30078520108205,677.2967276478537,11267.786597651317,1013.0,396.35871120818086,66.69921479891795,66.69921479891795
24.022179855909286,24.022179855909286,5.8510484470636275,684.5644908024171,403.59771188423275,12003.925720991334,6502.713314154773,3,False,1012.9917214411371,389.98158219527244,0.044594867953942005,8.226976816536885,8.226976816536885,0.49746169727549605,264.2400775101334,293.15,293.15,36.15491219227698,36.15491219227698,684.564490802417,10990.933999550198,1013.0,403.59771188423275,63.84508780772302,63.84508780772302
17.94431788937383,17.94431788937383,5.69899797466162,649.2009924542418,404.23724214158136,11648.033814514723,6339.561213649541,2,False,1012.9987919970984,391.3612827111412,0.1095661072475896,18.54592563288608,18.54592563288608,0.4812165229453426,302.1308132691369,307.5410699842006,307.5410699842006,40.54125473535586,40.54125473535585,649.2009924542418,10635.035022517624,1013.0,404.23724214158136,59.45874526464414,59.45874526464414
13.686824894489668,13.686824894489668,5.6961517090540985,654.0657592487977,405.4824797210437,11641.46114088727,6274.39161727285,3,False,1012.9946477979717,391.122886992777,0.10081616139723558,17.160895787998083,17.160895787998083,0.4866599391670717,296.6774930555607,303.6898075032079,303.6898075032079,36.88384915648194,36.88384915648194,654.0657592487977,10628.466493089298,1013.0,405.4824797210437,63.11615084351806,63.11615084351806
24.23355007108004,24.23355007108004,5.687178741670764,655.7860617311388,412.37782052550557,11620.762013347608,6523.635316007571,2,False,1012.9967983335484,399.15790179595274,0.06743994911039629,11.834933667785336,11.834933667785336,0.5023980491706391,295.56355739452795,311.91430915922507,311.91430915922507,38.57955704289417,38.57955704289418,655.7860617311388,10607.76521501406,1013.0,412.37782052550557,61.42044295710583,61.42044295710583
18.882476255677773,18.882476255677773,5.644089450113804,644.1426597766028,408.9501476372398,11521.816870337538,6265.459522965104,1,False,1013.002342750754,392.88529513753775,0.09882938792899955,16.380965713607356,16.380965713607356,0.5044890589614903,306.5560536820166,305.56183653632297,305.56183653632297,34.16611168726676,34.16611168726676,644.1426597766028,10508.814527586783,1013.0,408.9501476372398,65.83388831273324,65.83388831273324
19.076074930654972,19.076074930654972,5.575381949928451,657.9610885435251,420.0347186016876,11365.601719819702,6324.32332696303,2,False,1012.9946659492485,402.63364120344227,0.09185157782199861,16.086676640361198,16.086676640361198,0.47912762363434547,281.70098180660887,296.69067116575064,296.69067116575064,36.706926524260176,36.706926524260176,657.9610885435251,10352.607053870453,1013.0,420.0347186016876,63.293073475739824,63.293073475739824
20.541265925569498,20.541265925569498,5.532860982459913,549.5552242469705,561.1545812738697,11269.883389471208,8286.481316252548,0,False,1012.994640484368,549.5183738933117,0.14061093890320225,27.05968240344175,27.05968240344175,0.37902168947279735,421.0943244156455,487.325115166575,487.325115166575,51.0941256206751,51.0941256206751,549.5552242469705,10256.88874898684,1013.0,561.1545812738697,48.9058743793249,48.9058743793249
19.49075078900344,19.49075078900344,5.522950415474519,443.4193922491847,451.2221020904656,11247.679158781275,6645.194603897147,0,False,1013.0022517872263,463.6631063736862,0.07166480973327248,9.91377872567233,9.91377872567233,0.6512160585646262,617.0792962225347,513.3458600233356,513.3458600233356,48.70581565039567,48.705815650395664,443.41939224918457,10234.67690699405,1013.0,451.2221020904656,51.29418434960433,51.29418434960432
12.870430203477714,12.870430203477714,5.418473737075549,539.026970754859,515.1554888430558,11016.025150619844,7327.53646689942,0,False,1013.0087084778088,500.6277936654284,0.15516758111877402,26.406394443217312,26.406394443217312,0.43244607985427874,413.13071524532944,422.7965359218906,422.7965359218906,54.35469311147179,54.35469311147179,539.026970754859,10003.016442142034,1013.0,515.1554888430558,45.64530688852821,45.645306888528204
9.339971348648486,9.339971348648486,5.317740767096181,549.486850421898,416.7414463660669,10796.861045402333,6488.6422433955595,0,False,1012.9946149389995,434.3729938222416,0.027303861333363013,4.479626745071514,4.479626745071514,0.5822081111407437,596.7775968515451,588.7976795603133,588.7976795603133,67.19354216306405,67.19354216306405,549.486850421898,9783.866430463333,1013.0,416.7414463660669,32.80645783693595,32.80645783693594
2.0518656829191393,2.0518656829191393,5.291643703265525,658.8053627616537,448.37241619393285,10740.752573130056,6804.518401534247,1,False,1013.000544783586,448.9216587607027,0.013595352351835682,2.8719257390631903,2.8719257390631903,0.45979266624889686,356.46781802676406,452.83385180024345,452.83385180024345,35.48309182947735,35.48309182947736,658.8053627616536,9727.75202834647,1013.0,448.37241619393285,64.51690817052264,64.51690817052264
3.8114535764929847,3.8114535764929847,5.273769331154545,635.7259605863449,433.22577368195084,10702.482095484553,6262.700089963526,0,False,1012.9953920179429,434.22324185581203,0.07309863525320744,14.045044705915322,14.045044705915322,0.4473599092640673,384.6265315413697,444.41521086136225,444.41521086136225,62.62676050563916,62.62676050563917,635.7259605863449,9689.48670346661,1013.0,433.22577368195084,37.37323949436084,37.37323949436084
0.0,0.0,5.228808426074574,662.8392443075,446.65211964910856,10606.789670842652,6612.501093549947,1,False,1013.0024693690311,449.81428994930917,0.03549700722247491,7.6856072113714005,7.6856072113714005,0.42636639857264,363.67398734339,473.5158314943171,473.5158314943171,37.13852150005921,37.13852150005921,662.8392443075,9593.78720147362,1013.0,446.65211964910856,62.86147849994079,62.861478499940795
9.310223628112013,9.310223628112013,5.1206668880490005,646.8104938347072,404.9205657395588,10379.982133524945,6015.707284245374,0,False,1013.0088607575775,412.26288209954305,0.0487123316796568,9.421020316323737,9.421020316323737,0.4683477111190333,404.76228559980984,470.75493456198427,470.75493456198427,42.000613621961755,42.000613621961755,646.8104938347072,9366.973272767367,1013.0,404.9205657395588,57.999386378038245,57.999386378038245
1.6169491150177306,1.6169491150177306,4.789172616140588,456.10967894245493,532.101348662558,9714.265731458232,6339.9875031640795,0,False,1012.9967009079764,516.8665105342674,0.12393050546306848,18.689040422410553,18.689040422410553,0.5391881066324993,525.2560815051812,476.338506957802,476.338506957802,34.12550645368265,34.12550645368264,456.10967894245493,8701.269030550255,1013.0,532.101348662558,65.87449354631735,65.87449354631735
26.601054409005958,26.601054409005958,4.7806555485180695,508.12625573369826,461.4319359891804,9697.748363520299,5560.666810786521,0,False,1012.9928704215112,439.5216600701686,0.037315687236870274,5.155669737954783,5.155669737954783,0.6864639405030776,368.71522987662894,306.35187382016977,306.35187382016977,66.46576792646289,66.46576792646289,508.1262557336982,8684.755493098788,1013.0,461.4319359891804,33.53423207353711,33.534232073537105
18.73788055196788,18.73788055196788,4.672859153169165,635.3220464804868,494.97403469418794,9491.236906634565,6656.312177351878,1,False,1012.9940578130285,505.30560640223246,0.05643231905801812,13.012320841344012,13.012320841344012,0.3772514161194596,418.01365199369036,579.6330630850598,579.6330630850598,40.05370189508407,40.05370189508407,635.3220464804867,8478.242848821537,1013.0,494.97403469418794,59.94629810491593,59.94629810491593
3.8403906465576085,3.8403906465576085,4.544040497663494,468.58699955600105,453.0500090431863,9250.628814598855,5524.330766986467,0,False,1013.0077518878677,459.84550762363676,0.05246598991787686,7.465564218870312,7.465564218870312,0.6503072818632614,584.4478616310703,500.11094290194256,500.11094290194256,67.84045100801978,67.84045100801977,468.586999556001,8237.621062710987,1013.0,453.0500090431863,32.159548991980216,32.159548991980216
13.718142576556279,13.718142576556279,4.392309265859985,451.2373082340331,453.6296667432175,8975.850946212338,5484.151391635945,0,False,1012.9933876306247,474.91497576943095,0.028356209464702672,4.1425314750431985,4.1425314750431985,0.6561578282809483,662.8580482409345,582.3364761443709,582.3364761443709,56.785749426783624,56.785749426783624,451.2373082340331,7962.857558581713,1013.0,453.6296667432175,43.214250573216376,43.21425057321637
23.798205880948696,23.798205880948696,4.342248740223021,638.7077885850366,494.86834038032777,8887.240903316899,6226.134068046051,1,False,1013.0051084243465,506.3437778918083,0.05828007883717153,13.650460865139058,13.650460865139058,0.36866579070492494,421.11579576913425,593.15,593.15,41.52719187389119,41.52719187389119,638.7077885850366,7874.235794892552,1013.0,494.86834038032777,58.47280812610881,58.47280812610881
16.210455881714186,16.210455881714186,4.256130980228971,480.8866340493496,487.1004767300869,8737.184009113256,5655.950671578342,0,False,1012.9920334955129,497.4021834571974,0.06559393005931355,10.39486871299097,10.39486871299097,0.5654282778242515,581.3818988371594,554.0547486289743,554.0547486289743,59.46252074253401,59.46252074253401,480.88663404934954,7724.191975617743,1013.0,487.1004767300869,40.53747925746599,40.53747925746599
23.055927251675925,23.055927251675925,4.233367961518996,557.335916521,539.6415530374336,8698.022580911782,6052.13210876638,0,False,1013.0029635166198,519.6696704607837,0.14837972431647709,26.921000274152327,26.921000274152327,0.40278747900226797,355.4624836075305,387.8343066874934,387.8343066874934,64.70008098481404,64.70008098481404,557.335916521,7685.019617395162,1013.0,539.6415530374336,35.299919015185964,35.299919015185964
6.565107076406045,6.565107076406045,4.117314914971231,473.08319013988074,498.92146526304816,8501.629969397878,5203.388939713923,0,False,1012.9955477019845,480.36738236262266,0.10054396726992011,14.40603642163447,14.40603642163447,0.5973854584736299,462.69635023891334,398.6762676945925,398.6762676945925,55.54881581518397,55.54881581518397,473.08319013988074,7488.634421695893,1013.0,498.92146526304816,44.45118418481603,44.451184184816036
26.883314235194497,26.883314235194497,4.0598248212139945,518.2710505826768,560.0461776442035,8406.363286373253,6233.4027979700795,0,False,1013.0096809235087,562.0272627290572,0.01293493791924125,2.452575624004918,2.452575624004918,0.5144672670378163,504.81684394497944,575.6091851432591,575.6091851432591,63.96787814030529,63.96787814030529,518.2710505826768,7393.3536054497445,1013.0,560.0461776442035,36.03212185969471,36.03212185969471
6.975226289792439,6.975226289792439,4.020540975614633,690.9061944286209,583.2813988073153,8342.036534121233,6037.973840757716,0,False,1013.0014640963473,552.0603406777379,0.0953330970781998,24.37287183717926,24.37287183717926,0.2958111952935151,234.6594303832157,360.77533120274995,360.77533120274995,34.46608445724053,34.46608445724053,690.9061944286208,7329.0350700248855,1013.0,583.2813988073153,65.53391554275947,65.53391554275947
23.897082592661608,23.897082592661608,3.934106500593322,632.0800720332172,481.0457307149474,8202.703355590855,5634.8798180188705,1,False,1012.99755683138,490.49218559823396,0.0603854855982778,13.365503135463726,13.365503135463726,0.3914155800724361,424.397075483285,564.8861813416222,564.8861813416222,45.303625907624024,45.30362590762402,632.0800720332172,7189.705798759474,1013.0,481.0457307149474,54.696374092375976,54.696374092375976
12.616892320268487,12.616892320268487,3.8096779104114202,476.4967840813304,554.6023307570035,8007.440317535198,5349.191633207068,0,False,1012.9981017373186,527.1197817977898,0.04580126648505641,7.167620081576952,7.167620081576952,0.5932011633839616,418.38862231961866,393.7432987594764,393.7432987594764,60.182213100655886,60.18221310065588,476.4967840813304,6994.44221579788,1013.0,554.6023307570035,39.817786899344114,39.81778689934411
27.059483212254214,27.059483212254214,3.7406127357001315,781.7695222501,388.76948765580033,7901.766014338382,3752.3290797457585,0,False,1012.9995786874154,388.14082699867,0.015567740393980345,4.321822539978396,4.321822539978396,0.3446446526409767,223.84348494255164,373.6987346364729,373.6987346364729,68.32556350676816,68.32556350676815,781.7695222500997,6888.766435650967,1013.0,388.76948765580033,31.674436493231838,31.674436493231834
4.151092268697784,4.151092268697784,3.6910992922506716,451.78820441727447,522.9094746022406,7827.196964111603,5098.620153509446,0,False,1013.0050989765871,515.1909726179956,0.17054927076329116,25.728912934528744,25.728912934528744,0.4923208287130471,538.7730245685027,488.7797816701316,488.7797816701316,46.60165163028244,46.60165163028245,451.7882044172745,6814.191865135016,1013.0,522.9094746022406,53.39834836971756,53.39834836971756
4.968190606484985,4.968190606484985,3.626970896139885,452.58220040383446,548.9722703627191,7732.0941086749835,5113.764582062765,0,False,1012.9997222978643,527.2356026349596,0.07885445998373639,11.954013428833617,11.954013428833617,0.5807939539417147,482.0494509593812,439.45548485438013,439.45548485438013,54.6774133772618,54.6774133772618,452.58220040383446,6719.094386377119,1013.0,548.9722703627191,45.3225866227382,45.3225866227382
18.626749580476705,18.626749580476705,3.5789368932027243,439.91827992640935,560.3295108062168,7661.951148712162,4940.90662585043,0,False,1012.9925168774732,522.0543717382943,0.02998630039998796,4.316144572657073,4.316144572657073,0.664761057924203,415.308645771728,359.48426646757616,359.48426646757616,61.94710061375444,61.947100613754436,439.91827992640947,6648.958631834688,1013.0,560.3295108062168,38.05289938624556,38.05289938624556
4.415658952138674,4.415658952138674,3.510122466241078,410.110798449418,498.7474164701892,7563.092488881297,4574.35420544368,0,False,1013.0072435584336,490.46709873087326,0.19592605712643144,26.208753227135816,26.208753227135816,0.5516335670512461,570.8862323382208,459.23983455888754,459.23983455888754,62.615338310399714,62.615338310399714,410.110798449418,6550.085245322864,1013.0,498.7474164701892,37.384661689600286,37.384661689600286
17.395637304984497,17.395637304984497,3.482176620294319,418.5320942909419,534.6306994833128,7523.493521124423,4724.026315682629,0,False,1013.001962360179,510.14903573424397,0.06329391241525917,8.75009857051923,8.75009857051923,0.6600569379226853,521.1610070479489,433.27011813124,433.27011813124,47.74927348751976,47.74927348751976,418.5320942909419,6510.491558764244,1013.0,534.6306994833128,52.25072651248024,52.25072651248024
23.913280147603555,23.913280147603555,3.345622050305727,423.74134434041434,548.9524420923206,7334.5493259926325,5059.615702350147,0,False,1012.9915271450167,552.7271098553306,0.08426477020718968,13.209125614539678,13.209125614539678,0.5536636791554006,601.7932654533595,567.2978949173857,567.2978949173857,54.26554787469438,54.26554787469438,423.7413443404144,6321.557798847616,1013.0,548.9524420923206,45.73445212530562,45.73445212530562
20.81235768139895,20.81235768139895,3.1226010689623345,634.8338850512769,449.55347939311815,7042.216676382037,4135.576462544763,0,False,1013.0090343017102,444.48585942961523,0.10314654850896504,19.785292778246692,19.785292778246692,0.41818285341108863,341.1122846035902,393.47845769809453,393.47845769809453,66.21475339698333,66.21475339698333,634.8338850512769,6029.207642080327,1013.0,449.55347939311815,33.785246603016674,33.785246603016674
15.853454415130766,15.853454415130766,3.1155926410737793,693.7877385696952,545.2714953368923,7033.3568324111675,5042.532227431169,0,False,1012.9982382336348,540.8938239330298,0.051828509819120676,14.353405327226573,14.353405327226573,0.309260086493342,303.2353750190051,505.0122471177772,505.0122471177772,38.3752879728517,38.3752879728517,693.7877385696952,6020.358594177533,1013.0,545.2714953368923,61.6247120271483,61.6247120271483
16.847928771263014,16.847928771263014,2.9743427669698983,436.05579304589,581.1058216090831,6859.036773558109,4825.701270958843,0,False,1013.0075688537314,564.8196222133236,0.14489975523758203,23.09930647342694,23.09930647342694,0.482390745471919,546.4816672649199,523.8931327391228,523.8931327391228,35.75493110513732,35.754931105137324,436.05579304589,5846.029204704378,1013.0,581.1058216090831,64.24506889486268,64.24506889486268
25.19249116210658,25.19249116210658,2.288699152508715,685.5617867501285,546.8621962731431,6127.7598432371615,4624.377084240856,0,False,1013.0004394765816,540.4300779922785,0.019566339343444816,5.241046148218129,5.241046148218129,0.3537625493956298,295.0630780947457,475.2904524630558,475.2904524630558,48.910596293683774,48.910596293683774,685.5617867501285,5114.7594037605795,1013.0,546.8621962731431,51.089403706316226,51.089403706316226
18.167651938081082,18.167651938081082,2.0783569212003443,590.359980855114,481.9819012574408,5941.6103522338135,3921.834503839106,0,False,1012.9952503934364,490.911994958387,0.10149386922600624,20.124716021188167,20.124716021188167,0.40283060978353175,481.38433048085426,574.0077025645463,574.0077025645463,68.54864819124879,68.54864819124879,590.3599808551139,4928.615101840377,1013.0,481.9819012574408,31.451351808751213,31.451351808751216
7.912699901104777,7.912699901104777,1.8401275681911922,603.5843418032193,493.75615013966564,5752.436977531572,3733.6391274162647,0,False,1012.9929798915176,493.7369638586295,0.13677639418542248,27.427681185572755,27.427681185572755,0.3619037284979646,409.2971476058142,493.5742334268175,493.5742334268175,63.6065894013291,63.6065894013291,603.5843418032193,4739.4439976400545,1013.0,493.75615013966564,36.3934105986709,36.3934105986709
17.07835715195628,17.07835715195628,1.5269876430007334,761.7661014187427,535.1364085787358,5538.767234219361,3782.531470234758,0,False,1012.9972116343317,521.334709723416,0.0027580299829515946,0.8826862653374767,0.8826862653374767,0.30970066471500196,186.31740202257203,358.588720803116,358.588720803116,40.2425950549127,40.2425950549127,761.7661014187427,4525.770022585029,1013.0,535.1364085787358,59.7574049450873,59.7574049450873
9.643479570947564,9.643479570947564,1.2727421370238783,689.7920915320165,508.34874039076607,5394.517171721715,3572.7919175001643,0,False,1013.0098371721728,508.522948127138,0.07009441901709992,18.351886744267087,18.351886744267087,0.311852243981987,323.96642641755574,510.073903444821,510.073903444821,42.62693044694048,42.62693044694048,689.7920915320165,4381.507334549543,1013.0,508.34874039076607,57.37306955305952,57.37306955305952
27.92460145093267,27.92460145093267,0.6513588608813989,713.511456219482,494.7746452099807,5152.227984298712,3301.367620154381,0,False,1012.9920908208733,483.8588935613277,0.004865608580584122,1.2419477341824126,1.2419477341824126,0.3869068023403314,203.3934968448354,312.2044098109372,312.2044098109372,69.98067881725098,69.98067881725098,713.511456219482,4139.2358934778385,1013.0,494.7746452099807,30.019321182749025,30.019321182749025
27.137272846415918,27.137272846415918,0.18678741585021547,779.8541268586155,447.30483896660303,5073.320365021608,2821.816579376324,0,False,1012.9941831137809,437.7767514000118,0.009665501351164401,2.817296879309569,2.817296879309569,0.3334116312772263,180.01552581531283,315.5397019409168,315.5397019409168,39.54887869930363,39.54887869930363,779.8541268586155,4060.3261819078275,1013.0,447.30483896660303,60.45112130069637,60.45112130069638
1.7882758076835181,1.7882758076835181,0.0,716.522080066343,528.579954496915,4340.6841569913895,2761.295477212302,0,False,1013.0057795796708,509.2776601243585,0.10978118995248003,28.81484230126945,28.81484230126945,0.2712071521133156,219.8914335362625,347.0822810773497,347.0822810773497,42.03204709678888,42.03204709678888,716.522080066343,3327.6783774117184,1013.0,528.579954496915,57.96795290321112,57.96795290321113
0.4872271543633322,0.4872271543633322,0.0,890.0628654211938,419.5674372868481,2273.320957210721,1035.5810279818718,0,False,1013.0006272358949,416.75783148125555,0.013409661795751777,7.209739356647771,7.209739356647771,0.17258404938310437,104.09770172889554,336.5725556618594,336.5725556618594,40.11525821273497,40.11525821273497,890.0628654211938,1260.3203299748263,1013.0,419.5674372868481,59.88474178726503,59.88474178726503
26.948305623800078,26.948305623800078,0.0,713.1517509766553,434.48821304465366,3603.536789563087,1973.3005309743025,0,False,1012.9936282545652,433.79977336170396,0.08836612547693495,21.17938913527433,21.17938913527433,0.32886085360416106,295.3256652947166,425.66175069069754,425.66175069069754,52.90384182439007,52.903841824390064,713.1517509766554,2590.543161308522,1013.0,434.48821304465366,47.09615817560993,47.09615817560993
1.6433590179888702,1.6433590179888702,0.0,804.3820802138623,591.7830690571614,2540.990712319115,1703.2005447603933,0,False,1012.9904225483206,582.9913490987649,0.06441321035226288,28.312448746425574,28.312448746425574,0.1630952292361532,178.2027245017459,471.0344238223456,471.0344238223456,37.327558884251786,37.327558884251786,804.3820802138623,1528.0002897707946,1013.0,591.7830690571614,62.672441115748214,62.672441115748214
12.611714602242596,12.611714602242596,0.0,744.3558225856814,583.8462823485062,3293.572245475105,2382.097313341911,0,False,1012.9980823567792,578.0092354631437,0.045865676681351095,15.967815465805423,15.967815465805423,0.2413725919445045,241.20336541445445,504.9831441671451,504.9831441671451,48.01445017787013,48.01445017787013,744.3558225856814,2280.5741631183255,1013.0,583.8462823485062,51.98554982212987,51.985549822129876
17.048055531553207,17.048055531553207,0.0,844.4784746512487,580.1038987029939,2266.1786962278616,1450.0177680070776,0,False,1013.0025411144177,571.2694846964914,0.04738664424957177,24.817649067432985,24.817649067432985,0.1435526510914805,137.5408172215469,433.183697794993,433.183697794993,35.07580504607804,35.07580504607804,844.4784746512488,1253.1761551134439,1013.0,580.1038987029939,64.92419495392195,64.92419495392195
8.719446915606378,8.719446915606378,0.0,812.1372356984016,408.04778144726816,2142.1781036907137,1007.1971748767734,0,False,1012.9954723454263,411.161232876657,0.04897060914102242,17.20012883843941,17.20012883843941,0.23574010204610138,231.6077463416083,489.1984741811981,489.1984741811981,62.89469105727789,62.89469105727788,812.1372356984016,1129.1826313452875,1013.0,408.04778144726816,37.10530894272211,37.10530894272211
26.351546536059903,26.351546536059903,0.0,711.4438466745416,549.4219429772515,4965.2364048638365,3361.4457110284,0,False,1012.9934140369426,532.1797194306683,0.08902105107549946,24.324048544151978,24.324048544151978,0.2769585304646057,237.08147716449156,389.5620006465104,389.5620006465104,40.634323807160165,40.634323807160165,711.4438466745418,3952.242990826894,1013.0,549.4219429772515,59.365676192839835,59.365676192839835
0.2535610888495643,0.2535610888495643,0.0,732.52616657453,522.6227905999108,4620.068509927349,3116.672450770813,0,False,1012.9949420801456,519.7777756652729,0.027073139396784913,8.226303448804044,8.226303448804044,0.3020314160730338,266.37371016237523,486.73579430634663,486.73579430634663,44.43345568699219,44.43345568699219,732.5261665745301,3607.073567847203,1013.0,522.6227905999108,55.56654431300781,55.56654431300782
11.544950153334009,11.544950153334009,0.0,894.5804433326357,485.30318668830694,2024.8919051259375,1043.7574231573492,0,False,1013.0075924868603,484.3613558469919,0.032098635388627166,21.5153546724987,21.5153546724987,0.11709079642518438,114.3400983249328,460.88897633085764,460.88897633085764,33.84167453031073,33.84167453031074,894.5804433326356,1011.8843126390772,1013.0,485.30318668830694,66.15832546968926,66.15832546968926
18.04987941916345,18.04987941916345,0.0,782.4040559921774,428.483906099945,2368.2586384266024,1211.94884295885,0,False,1013.0053051192879,435.3445835366843,0.050593613366827946,16.795370393361555,16.795370393361555,0.2506418591585371,286.5143097351703,571.9736539829894,571.9736539829894,57.07388966208606,57.07388966208606,782.4040559921774,1355.2533333073145,1013.0,428.483906099945,42.92611033791394,42.92611033791394
2.9957511673423776,2.9957511673423776,0.0,836.9300493878693,539.4037733599563,2817.9847262797894,1760.2363665504372,0,False,1012.999126343545,537.4878020468664,0.013240911854989847,6.609918289154589,6.609918289154589,0.18707793137057996,167.76840299449043,503.64460490506576,503.64460490506576,35.974192202694354,35.974192202694354,836.9300493878693,1804.9855999362444,1013.0,539.4037733599563,64.02580779730565,64.02580779730565
27.256351804889867,27.256351804889867,0.0,739.9623988118312,378.5591090541513,4094.203903712987,1913.3943621969863,0,False,1013.5314113237057,393.55730204960634,0.08997092600997553,24.106582048492665,24.106582048492665,0.28325048642000117,346.209668316539,557.8384674750002,557.8384674750002,35.75768976645372,35.75768976645372,739.9623988118312,3080.6724923892816,1013.0,378.5591090541513,64.24231023354628,64.24231023354628
29.396332227048934,29.396332227048934,0.0,830.2210887709792,471.5299528356791,2559.5521190189693,1408.5018241287983,0,False,1012.9987875011229,465.9915235459229,0.012238421669952279,4.925734775750704,4.925734775750704,0.23622038147555588,144.4806073388324,349.6962611702729,349.6962611702729,47.88061722196285,47.880617221962844,830.2210887709792,1546.5533315178463,1013.0,471.5299528356791,52.11938277803715,52.11938277803715
13.781114838158217,13.781114838158217,0.0,874.4604984179223,498.20366964693125,1626.204445186138,872.8665068767405,0,False,1012.994077639389,495.4755327655174,0.03366299669414778,19.352009587604833,19.352009587604833,0.1402879128574333,112.23765767195205,388.0142808029099,388.0142808029099,69.67989254736595,69.67989254736595,874.4604984179223,613.2103675467489,1013.0,498.20366964693125,30.320107452634048,30.320107452634048
26.67823503533014,26.67823503533014,0.0,899.2347770474144,551.1594940389826,1960.8317417919989,1168.2078957500173,0,False,1012.9963624443695,544.0045365007883,0.005447171756173972,3.9284259970710855,3.9284259970710855,0.13321324236987084,76.48833701070023,331.7252614500964,331.7252614500964,39.74026773962039,39.74026773962039,899.2347770474146,947.8353793476293,1013.0,551.1594940389826,60.25973226037961,60.25973226037961
9.911539719012334,9.911539719012334,0.0,840.1646416100748,427.35877536743556,2019.9456516443454,943.455851049511,0,False,1013.0182335646641,429.09058459946795,0.06748644275448892,28.417824520508027,28.417824520508027,0.16999282912216934,185.94809025271255,470.87087967868837,470.87087967868837,52.996235414673066,52.996235414673066,840.1646416100748,1006.9274180796813,1013.0,427.35877536743556,47.003764585326934,47.003764585326934
4.5540063001686315,4.5540063001686315,0.0,728.1890641190222,554.1871601663919,3528.934582121885,2533.859830702482,0,False,1012.9934356329941,551.3815177660274,0.02650892989400349,8.425126539930808,8.425126539930808,0.28813239648091404,268.63799809271916,513.4373964383628,513.4373964383628,53.81145832934929,53.81145832934929,728.1890641190222,2515.941146488891,1013.0,554.1871601663919,46.18854167065071,46.188541670650714
7.7503511392177185,7.7503511392177185,0.0,819.3175741312498,537.3614261888857,2100.5681674474145,1337.8973992404947,0,False,1012.998717570378,530.2671763351013,0.0054238093580768814,2.338701223066445,2.338701223066445,0.22649163604308142,136.1269651823587,352.9801704082929,352.9801704082929,62.050602765112,62.050602765112,819.3175741312498,1087.5694498770365,1013.0,537.3614261888857,37.949397234888,37.949397234888
16.66033751207038,16.66033751207038,0.0,712.3548709829533,444.82655392187087,2963.978648224353,1628.8082676217077,0,False,1013.2026835322029,452.9013610280871,0.11060927922889191,28.93294229413611,28.93294229413611,0.27168602314451823,349.0244732314256,549.0257806367415,549.0257806367415,51.67635027334022,51.67635027334022,712.3548709829533,1950.7759646921502,1013.0,444.82655392187087,48.32364972665978,48.32364972665978
20.92983962357609,20.92983962357609,0.0,777.8766493276473,395.60461779264153,3972.156480066022,1822.2822304710953,0,False,1012.9962690349224,391.28544337249645,0.10775609041160841,28.780630226414466,28.780630226414466,0.2666488116489148,215.89294504505352,346.76299369017795,346.76299369017795,34.0375420273039,34.0375420273039,777.8766493276473,2959.1602110310996,1013.0,395.60461779264153,65.9624579726961,65.9624579726961
24.05210283596641,24.05210283596641,0.0,816.0506480780859,380.25526818485895,2057.811831805847,886.5224212560476,0,False,1012.9935441321679,384.21143035527297,0.06354215691558937,21.542394323732104,21.542394323732104,0.23142114178138215,242.46608260026332,494.3321237198161,494.3321237198161,68.91710759742188,68.91710759742188,816.0506480780859,1044.818287673679,1013.0,380.25526818485895,31.082892402578125,31.08289240257813
8.492897356591131,8.492897356591131,0.0,833.7038775870997,417.82602853352256,2628.7908925193856,1286.533613941031,0,False,1012.9969676243858,420.8142599513382,0.004224781693775869,1.7056258153649884,1.7056258153649884,0.24347208450731433,201.99158791611882,490.39788735591753,490.39788735591753,45.76684699905836,45.76684699905836,833.7038775870997,1615.7939248949997,1013.0,417.82602853352256,54.23315300094164,54.233153000941634
24.32318874743137,24.32318874743137,0.0,806.5426277164381,589.3229684153393,2980.6196785115553,1979.6856856045604,0,False,1012.9972016610569,570.3982393910545,0.06641083900250326,27.11000934242454,27.11000934242454,0.17855712896708623,144.7022998199287,355.22371606402686,355.22371606402686,35.18915672522305,35.18915672522305,806.5426277164381,1967.6224768504985,1013.0,589.3229684153393,64.81084327477694,64.81084327477694
26.288328015161145,26.288328015161145,0.0,823.3142026281894,424.9874977204719,2057.4709674596493,1009.3611782929614,0,False,1012.9924968586993,422.93651622744517,0.027476466566910267,9.9788196457982,9.9788196457982,0.24787139562719032,166.6349430070213,363.931952631366,363.931952631366,69.8822051152828,69.8822051152828,823.3142026281894,1044.47847060095,1013.0,424.9874977204719,30.1177948847172,30.1177948847172
16.118637303292978,16.118637303292978,0.0,897.3434880455143,589.4291805091843,1869.5567939354034,1175.9954233310448,0,False,1012.9958800267416,580.4168500909353,0.01781454023605409,13.290341315171124,13.290341315171124,0.11622671433818714,75.791897090578,340.0322529568267,340.0322529568267,38.576050191264386,38.576050191264386,897.3434880455142,856.5609139086619,1013.0,589.4291805091843,61.423949808735614,61.423949808735614
12.158428990090425,12.158428990090425,0.0,864.2587040259447,440.35905526642097,3122.793086070199,1557.723742643836,0,False,1012.9948049394436,436.5222173112995,0.006113771518027748,2.839973082677446,2.839973082677446,0.20916191385092855,130.23553186841116,363.8063932185088,363.8063932185088,31.641207923251976,31.641207923251972,864.2587040259447,2109.7982811307556,1013.0,440.35905526642097,68.35879207674802,68.35879207674802
12.4960055425562,12.4960055425562,0.0,836.4723324052035,492.45221111121964,2087.391987440138,1148.1399746322713,0,False,1012.9973673261405,490.91680125962824,0.047259773492092934,21.537136812519176,21.537136812519176,0.17217409974504796,167.3442629281619,458.6094277221987,458.6094277221987,47.441697800623956,47.44169780062396,836.4723324052036,1074.3946201139975,1013.0,492.45221111121964,52.558302199376044,52.55830219937605
21.711795320604132,21.711795320604132,0.0,774.6729757306662,418.3338836008037,2964.5122610348676,1445.306670095991,0,False,1013.0070948477056,417.8002656441969,0.09779410478537873,28.389807253015846,28.389807253015846,0.2466749643908132,235.39569356827468,410.9453789363745,410.9453789363745,42.50208732494064,42.50208732494064,774.6729757306662,1951.505166187162,1013.0,418.3338836008037,57.49791267505936,57.49791267505936
4.111463876304725,4.111463876304725,0.0,676.4359006581201,563.0480069983354,4990.49864632962,3576.320453182484,0,False,1013.0072086903672,549.281437198015,0.09563782542759434,24.73879302308488,24.73879302308488,0.29095268179056455,281.96751229233803,438.6152287286476,438.6152287286476,45.61693269694877,45.61693269694877,676.4359006581201,3977.4914376392526,1013.0,563.0480069983354,54.38306730305123,54.38306730305123
16.027234034466826,16.027234034466826,0.0,757.6637466681418,571.9364839760676,4255.766760192657,2932.791561298527,0,False,1013.0037884007255,566.1098710583343,0.057873373226735164,20.710517243661183,20.710517243661183,0.22156616247316788,236.75154749649369,509.49601863992416,509.49601863992416,34.328099451692495,34.328099451692495,757.6637466681419,3242.7629717919312,1013.0,571.9364839760676,65.6719005483075,65.67190054830752
4.028641251539881,4.028641251539881,0.0,851.3005340559554,467.69820816116965,1773.001969513492,903.7612436587351,0,False,1013.0043838829903,467.49889000309844,0.04991324960732056,23.942360345114118,23.942360345114118,0.15855930233765209,159.9107749042932,461.28004179364746,461.28004179364746,64.77611123366694,64.77611123366694,851.3005340559555,759.9975856305017,1013.0,467.69820816116965,35.22388876633306,35.223888766333076
24.664685403353246,24.664685403353246,0.0,749.8031684387527,522.7781126484767,2262.8159225881873,1405.1374218719986,0,False,1013.0083354501203,512.0999593087248,0.08432308712733755,25.78150565140067,25.78150565140067,0.24274503785921225,188.77871667416332,347.09681412239917,347.09681412239917,64.36795886382741,64.36795886382741,749.8031684387527,1249.807587138067,1013.0,522.7781126484767,35.63204113617259,35.63204113617259
2.926531023430675,2.926531023430675,0.0,889.7819753888491,461.49349313600635,1734.132713550749,856.1907603624379,0,False,1013.0035526242324,461.50993822869606,0.029398791523935767,18.314696193323183,18.314696193323183,0.13112143340151733,123.35822404284106,462.14064697094716,462.14064697094716,55.746391108893086,55.74639110889308,889.781975388849,721.1291609265166,1013.0,461.49349313600635,44.253608891106914,44.25360889110691
13.398327000091605,13.398327000091605,0.0,837.6862765185117,426.31797751055547,2603.4904905085905,1241.6512611406395,0,False,1013.1116324113709,434.1515902316467,0.05639826321187523,25.442642613242903,25.442642613242903,0.16526999691814726,206.47588296144312,560.1465155451303,560.1465155451303,30.537694043502338,30.537694043502338,837.6862765185117,1590.3788580972196,1013.0,426.31797751055547,69.46230595649766,69.46230595649766
16.07580982225225,16.07580982225225,0.0,794.886519056088,528.7720006287603,3922.1668856421916,2522.50454914119,0,False,1012.9946978771329,524.1108524787807,0.0040452414571582156,1.5661273800080056,1.5661273800080056,0.25425057207606394,175.44656164235704,408.472960994196,408.472960994196,69.93653642324972,69.93653642324972,794.886519056088,2909.172187765059,1013.0,528.7720006287603,30.06346357675028,30.063463576750284
27.101778103160704,27.101778103160704,0.0,860.6609701654694,413.13795305336464,2463.856046193176,1135.1965499350742,0,False,1013.0025405396802,416.381818546725,0.025778410765368676,12.260236869749416,12.260236869749416,0.18448188876419133,171.30441726242842,489.9447432504311,489.9447432504311,37.25707526844394,37.257075268443934,860.6609701654693,1450.8535056534959,1013.0,413.13795305336464,62.74292473155606,62.74292473155606
0.619730422452347,0.619730422452347,0.0,839.7066759669602,444.812432297716,2324.9144413424374,1195.3649347170372,0,False,1012.9996020651809,441.4778677605093,0.00809443343688263,3.3088924043532764,3.3088924043532764,0.23653224061977007,145.00283350063538,356.4581078609659,356.4581078609659,53.526485100621635,53.526485100621635,839.7066759669601,1311.9148392772565,1013.0,444.812432297716,46.473514899378365,46.473514899378365
10.090426755976871,10.090426755976871,0.0,845.6286314956044,455.7220624341928,2650.638900272555,1399.8754683740178,0,False,1013.0013786621215,456.62930197723716,0.0015057813445249334,0.690073623840175,0.690073623840175,0.21670011618644358,173.01366491506013,476.8148150381136,476.8148150381136,40.69272909345958,40.69272909345958,845.6286314956044,1637.6375216104334,1013.0,455.7220624341928,59.30727090654042,59.307270906540424
18.984307378754462,18.984307378754462,0.0,751.3486339985665,488.8310285156716,3261.7659806621823,1905.9990906563623,0,False,1013.0045995597968,489.13237998360535,0.08600250873218669,26.781848456509692,26.781848456509692,0.23511986962733464,262.99536682624426,492.50806336965354,492.50806336965354,41.187845640700104,41.18784564070011,751.3486339985665,2248.7613811023857,1013.0,488.8310285156716,58.812154359299896,58.812154359299896
14.573594868738509,14.573594868738509,0.0,810.7200751149351,508.0694635224702,2177.8726218712955,1260.3699464776753,0,False,1013.0032167021134,506.8045186767785,0.05756772769454231,23.747176625676634,23.747176625676634,0.18485152324199727,195.11979614150883,484.0275124018866,484.0275124018866,48.30570976805982,48.30570976805982,810.7200751149351,1164.869405169182,1013.0,508.0694635224702,51.69429023194018,51.69429023194018
